Session,Cell,NumSignificant,SignificantEvents
session_2024_08_14_1_JM007,cell0,3,"stimulusOnsetTime,choiceStartTime,rewardTime"
session_2024_08_14_1_JM007,cell1,0,""
session_2024_08_14_1_JM007,cell2,0,""
session_2024_08_14_1_JM007,cell3,0,""
session_2024_08_14_1_JM007,cell4,0,""
session_2024_08_14_1_JM007,cell5,0,""
session_2024_08_14_1_JM007,cell6,0,""
session_2024_08_14_1_JM007,cell7,0,""
session_2024_08_14_1_JM007,cell8,0,""
session_2024_08_14_1_JM007,cell9,0,""
session_2024_08_14_1_JM007,cell10,0,""
session_2024_08_14_1_JM007,cell11,0,""
session_2024_08_14_1_JM007,cell12,0,""
session_2024_08_14_1_JM007,cell13,0,""
session_2024_08_14_1_JM007,cell14,0,""
session_2024_08_14_1_JM007,cell15,0,""
session_2024_08_14_1_JM007,cell16,0,""
session_2024_08_14_1_JM007,cell17,0,""
session_2024_09_16_2_JM007,cell0,3,"stimulusOnsetTime,choiceStartTime,rewardTime"
session_2024_09_16_2_JM007,cell1,0,""
session_2024_09_16_2_JM007,cell2,0,""
session_2024_09_16_2_JM007,cell3,0,""
session_2024_09_16_2_JM007,cell4,0,""
session_2024_09_16_2_JM007,cell5,0,""
session_2024_09_16_2_JM007,cell6,0,""
session_2024_09_16_2_JM007,cell7,0,""
session_2024_09_16_2_JM007,cell8,0,""
session_2024_09_16_2_JM007,cell9,0,""
session_2024_09_16_2_JM007,cell10,0,""
session_2024_09_16_2_JM007,cell11,1,"choiceStartTime"
session_2024_09_16_2_JM007,cell12,0,""
session_2024_09_16_2_JM007,cell13,0,""
session_2024_09_16_2_JM007,cell14,0,""
session_2024_09_16_2_JM007,cell15,1,"choiceStartTime"
session_2024_09_16_2_JM007,cell16,0,""
session_2024_09_16_2_JM007,cell17,0,""
session_2024_09_16_2_JM007,cell18,1,"choiceStartTime"
session_2024_09_16_2_JM007,cell19,0,""
session_2024_09_16_2_JM007,cell20,0,""
session_2024_09_16_2_JM007,cell21,0,""
session_2024_09_16_2_JM007,cell22,0,""
session_2024_09_16_2_JM007,cell23,0,""
session_2024_09_16_2_JM007,cell24,0,""
session_2024_09_10_1_JM013,cell0,3,"stimulusOnsetTime,choiceStartTime,rewardTime"
session_2024_09_10_1_JM013,cell1,3,"stimulusOnsetTime,choiceStartTime,rewardTime"
session_2024_09_10_1_JM013,cell2,1,"stimulusOnsetTime"
session_2024_09_10_1_JM013,cell3,2,"stimulusOnsetTime,rewardTime"
session_2024_09_10_1_JM013,cell4,2,"choiceStartTime,rewardTime"
session_2024_09_10_1_JM013,cell5,2,"choiceStartTime,rewardTime"
session_2024_09_10_1_JM013,cell6,1,"stimulusOnsetTime"
session_2024_09_10_1_JM013,cell7,3,"stimulusOnsetTime,choiceStartTime,rewardTime"
session_2024_09_10_1_JM013,cell8,2,"stimulusOnsetTime,choiceStartTime"
session_2024_09_10_1_JM013,cell9,3,"stimulusOnsetTime,choiceStartTime,rewardTime"
session_2024_09_10_1_JM013,cell10,3,"stimulusOnsetTime,choiceStartTime,rewardTime"
session_2024_09_10_1_JM013,cell11,0,""
session_2024_09_10_1_JM013,cell12,3,"stimulusOnsetTime,choiceStartTime,rewardTime"
session_2024_09_10_1_JM013,cell13,3,"stimulusOnsetTime,choiceStartTime,rewardTime"
session_2024_09_10_1_JM013,cell14,2,"stimulusOnsetTime,rewardTime"
session_2024_09_10_1_JM013,cell15,1,"stimulusOnsetTime"
session_2024_09_10_1_JM013,cell16,0,""
session_2024_09_11_2_JM013,cell0,3,"stimulusOnsetTime,choiceStartTime,rewardTime"
session_2024_09_11_2_JM013,cell1,2,"choiceStartTime,rewardTime"
session_2024_09_11_2_JM013,cell2,1,"rewardTime"
session_2024_09_11_2_JM013,cell3,0,""
session_2024_09_11_2_JM013,cell4,2,"choiceStartTime,rewardTime"
session_2024_09_11_2_JM013,cell5,2,"choiceStartTime,rewardTime"
session_2024_09_11_2_JM013,cell6,2,"choiceStartTime,rewardTime"
session_2024_09_11_2_JM013,cell7,2,"choiceStartTime,rewardTime"
session_2024_09_11_2_JM013,cell8,0,""
session_2024_09_11_2_JM013,cell9,0,""
session_2024_09_11_2_JM013,cell10,1,"stimulusOnsetTime"
session_2024_09_11_2_JM013,cell11,0,""
session_2024_09_11_2_JM013,cell12,0,""
session_2024_09_11_2_JM013,cell13,2,"stimulusOnsetTime,choiceStartTime"
session_2024_09_11_2_JM013,cell14,2,"stimulusOnsetTime,rewardTime"
session_2024_09_11_2_JM013,cell15,1,"stimulusOnsetTime"
session_2024_09_11_2_JM013,cell16,0,""
session_2024_09_16_1_JM013,cell0,3,"stimulusOnsetTime,choiceStartTime,rewardTime"
session_2024_09_16_1_JM013,cell1,1,"stimulusOnsetTime"
session_2024_09_16_1_JM013,cell2,0,""
session_2024_09_16_1_JM013,cell3,1,"stimulusOnsetTime"
session_2024_09_16_1_JM013,cell4,2,"stimulusOnsetTime,choiceStartTime"
session_2024_09_16_1_JM013,cell5,1,"stimulusOnsetTime"
session_2024_09_16_1_JM013,cell6,1,"rewardTime"
session_2024_09_16_1_JM013,cell7,0,""
session_2024_09_16_1_JM013,cell8,1,"rewardTime"
session_2024_09_16_1_JM013,cell9,0,""
session_2024_09_16_1_JM013,cell10,3,"stimulusOnsetTime,choiceStartTime,rewardTime"
session_2024_09_16_1_JM013,cell11,0,""
session_2024_09_16_1_JM013,cell12,1,"stimulusOnsetTime"
session_2024_09_16_1_JM013,cell13,0,""
session_2024_09_16_1_JM013,cell14,0,""
session_2024_09_16_1_JM013,cell15,2,"stimulusOnsetTime,choiceStartTime"
session_2024_09_16_1_JM013,cell16,2,"choiceStartTime,rewardTime"
session_2024_09_16_1_JM013,cell17,1,"stimulusOnsetTime"
session_2024_09_17_1_JM013,cell0,3,"stimulusOnsetTime,choiceStartTime,rewardTime"
session_2024_09_17_1_JM013,cell1,0,""
session_2024_09_17_1_JM013,cell2,0,""
session_2024_09_17_1_JM013,cell3,3,"stimulusOnsetTime,choiceStartTime,rewardTime"
session_2024_09_17_1_JM013,cell4,1,"choiceStartTime"
session_2024_09_17_1_JM013,cell5,0,""
session_2024_09_17_1_JM013,cell6,0,""
session_2024_09_17_1_JM013,cell7,1,"rewardTime"
session_2024_09_17_1_JM013,cell8,1,"rewardTime"
session_2024_09_17_1_JM013,cell9,2,"stimulusOnsetTime,rewardTime"
session_2024_09_17_1_JM013,cell10,2,"choiceStartTime,rewardTime"
session_2024_09_17_1_JM013,cell11,1,"rewardTime"
session_2024_09_17_1_JM013,cell12,2,"choiceStartTime,rewardTime"
session_2024_09_17_1_JM013,cell13,3,"stimulusOnsetTime,choiceStartTime,rewardTime"
session_2024_09_17_1_JM013,cell14,1,"stimulusOnsetTime"
session_2024_09_17_1_JM013,cell15,2,"stimulusOnsetTime,rewardTime"
session_2024_09_17_1_JM013,cell16,2,"stimulusOnsetTime,rewardTime"
session_2024_09_17_1_JM013,cell17,0,""
session_2024_09_17_1_JM013,cell18,3,"stimulusOnsetTime,choiceStartTime,rewardTime"
session_2024_09_17_1_JM013,cell19,3,"stimulusOnsetTime,choiceStartTime,rewardTime"
session_2024_09_17_1_JM013,cell20,2,"stimulusOnsetTime,rewardTime"
session_2024_09_17_1_JM013,cell21,3,"stimulusOnsetTime,choiceStartTime,rewardTime"
session_2024_09_18_1_JM013,cell0,3,"stimulusOnsetTime,choiceStartTime,rewardTime"
session_2024_09_18_1_JM013,cell1,0,""
session_2024_09_18_1_JM013,cell2,0,""
session_2024_09_18_1_JM013,cell3,1,"choiceStartTime"
session_2024_09_18_1_JM013,cell4,0,""
session_2024_09_18_1_JM013,cell5,0,""
session_2024_09_18_1_JM013,cell6,0,""
session_2024_09_18_1_JM013,cell7,0,""
session_2024_09_18_1_JM013,cell8,2,"stimulusOnsetTime,rewardTime"
session_2024_09_18_1_JM013,cell9,3,"stimulusOnsetTime,choiceStartTime,rewardTime"
session_2024_09_18_1_JM013,cell10,2,"stimulusOnsetTime,rewardTime"
session_2024_09_18_1_JM013,cell11,3,"stimulusOnsetTime,choiceStartTime,rewardTime"
session_2024_09_18_1_JM013,cell12,0,""
session_2024_09_18_1_JM013,cell13,3,"stimulusOnsetTime,choiceStartTime,rewardTime"
session_2024_09_18_1_JM013,cell14,2,"stimulusOnsetTime,rewardTime"
session_2024_09_18_1_JM013,cell15,0,""
session_2024_09_18_1_JM013,cell16,3,"stimulusOnsetTime,choiceStartTime,rewardTime"
session_2024_09_23_1_JM013,cell0,3,"stimulusOnsetTime,choiceStartTime,rewardTime"
session_2024_09_23_1_JM013,cell1,3,"stimulusOnsetTime,choiceStartTime,rewardTime"
session_2024_09_23_1_JM013,cell2,2,"stimulusOnsetTime,choiceStartTime"
session_2024_09_23_1_JM013,cell3,1,"stimulusOnsetTime"
session_2024_09_23_1_JM013,cell4,1,"rewardTime"
session_2024_09_23_1_JM013,cell5,0,""
session_2024_09_23_1_JM013,cell6,3,"stimulusOnsetTime,choiceStartTime,rewardTime"
session_2024_09_23_1_JM013,cell7,2,"choiceStartTime,rewardTime"
session_2024_09_23_1_JM013,cell8,2,"stimulusOnsetTime,choiceStartTime"
session_2024_09_23_1_JM013,cell9,3,"stimulusOnsetTime,choiceStartTime,rewardTime"
session_2024_09_23_1_JM013,cell10,0,""
session_2024_09_23_1_JM013,cell11,3,"stimulusOnsetTime,choiceStartTime,rewardTime"
session_2024_09_23_1_JM013,cell12,2,"choiceStartTime,rewardTime"
session_2024_09_23_1_JM013,cell13,3,"stimulusOnsetTime,choiceStartTime,rewardTime"
session_2024_09_23_1_JM013,cell14,3,"stimulusOnsetTime,choiceStartTime,rewardTime"
session_2024_09_23_1_JM013,cell15,3,"stimulusOnsetTime,choiceStartTime,rewardTime"
session_2024_09_23_1_JM013,cell16,2,"choiceStartTime,rewardTime"
session_2024_09_24_2_JM013,cell0,3,"stimulusOnsetTime,choiceStartTime,rewardTime"
session_2024_09_24_2_JM013,cell1,0,""
session_2024_09_24_2_JM013,cell2,1,"choiceStartTime"
session_2024_09_24_2_JM013,cell3,2,"stimulusOnsetTime,choiceStartTime"
session_2024_09_24_2_JM013,cell4,1,"choiceStartTime"
session_2024_09_24_2_JM013,cell5,1,"choiceStartTime"
session_2024_09_24_2_JM013,cell6,1,"stimulusOnsetTime"
session_2024_09_24_2_JM013,cell7,0,""
session_2024_09_24_2_JM013,cell8,0,""
session_2024_09_24_2_JM013,cell9,0,""
session_2024_09_24_2_JM013,cell10,1,"rewardTime"
session_2024_09_24_2_JM013,cell11,0,""
session_2024_09_24_2_JM013,cell12,2,"stimulusOnsetTime,rewardTime"
session_2024_09_24_2_JM013,cell13,0,""
session_2024_09_24_2_JM013,cell14,2,"stimulusOnsetTime,rewardTime"
session_2024_09_24_2_JM013,cell15,0,""
session_2024_09_24_2_JM013,cell16,0,""
session_2024_09_24_2_JM013,cell17,3,"stimulusOnsetTime,choiceStartTime,rewardTime"
session_2024_09_24_2_JM013,cell18,0,""
session_2024_09_24_2_JM013,cell19,2,"choiceStartTime,rewardTime"
session_2024_09_24_2_JM013,cell20,3,"stimulusOnsetTime,choiceStartTime,rewardTime"
session_2024_10_29_1_JM013,cell0,3,"stimulusOnsetTime,choiceStartTime,rewardTime"
session_2024_10_29_1_JM013,cell1,0,""
session_2024_10_29_1_JM013,cell2,1,"choiceStartTime"
session_2024_10_29_1_JM013,cell3,1,"choiceStartTime"
session_2024_10_29_1_JM013,cell4,1,"stimulusOnsetTime"
session_2024_10_29_1_JM013,cell5,1,"stimulusOnsetTime"
session_2024_10_29_1_JM013,cell6,1,"stimulusOnsetTime"
session_2024_10_29_1_JM013,cell7,1,"choiceStartTime"
session_2024_10_29_1_JM013,cell8,1,"choiceStartTime"
session_2024_10_29_1_JM013,cell9,2,"stimulusOnsetTime,choiceStartTime"
session_2024_10_29_1_JM013,cell10,0,""
session_2024_10_29_1_JM013,cell11,1,"stimulusOnsetTime"
session_2024_10_29_1_JM013,cell12,1,"stimulusOnsetTime"
session_2024_10_29_1_JM013,cell13,1,"choiceStartTime"
session_2024_10_31_1_JM013,cell0,3,"stimulusOnsetTime,choiceStartTime,rewardTime"
session_2024_10_31_1_JM013,cell1,0,""
session_2024_10_31_1_JM013,cell2,2,"stimulusOnsetTime,choiceStartTime"
session_2024_10_31_1_JM013,cell3,0,""
session_2024_10_31_1_JM013,cell4,1,"stimulusOnsetTime"
session_2024_10_31_1_JM013,cell5,1,"stimulusOnsetTime"
session_2024_10_31_1_JM013,cell6,3,"stimulusOnsetTime,choiceStartTime,rewardTime"
session_2024_10_31_1_JM013,cell7,0,""
session_2024_10_31_1_JM013,cell8,1,"stimulusOnsetTime"
session_2024_10_31_1_JM013,cell9,2,"choiceStartTime,rewardTime"
session_2024_10_31_1_JM013,cell10,1,"rewardTime"
session_2024_10_31_1_JM013,cell11,1,"stimulusOnsetTime"
session_2024_10_31_1_JM013,cell12,1,"stimulusOnsetTime"
session_2024_10_31_1_JM013,cell13,1,"stimulusOnsetTime"
session_2024_10_31_1_JM013,cell14,2,"stimulusOnsetTime,choiceStartTime"
session_2024_11_01_1_JM013,cell0,3,"stimulusOnsetTime,choiceStartTime,rewardTime"
session_2024_11_01_1_JM013,cell1,0,""
session_2024_11_01_1_JM013,cell2,0,""
session_2024_11_01_1_JM013,cell3,0,""
session_2024_11_01_1_JM013,cell4,3,"stimulusOnsetTime,choiceStartTime,rewardTime"
session_2024_11_01_1_JM013,cell5,0,""
session_2024_11_01_1_JM013,cell6,2,"choiceStartTime,rewardTime"
session_2024_11_01_1_JM013,cell7,0,""
session_2024_11_01_1_JM013,cell8,1,"stimulusOnsetTime"
session_2024_11_01_1_JM013,cell9,0,""
session_2024_11_01_1_JM013,cell10,0,""
session_2024_11_01_1_JM013,cell11,3,"stimulusOnsetTime,choiceStartTime,rewardTime"
session_2024_11_01_1_JM013,cell12,1,"choiceStartTime"
session_2024_11_01_1_JM013,cell13,0,""
session_2024_11_01_1_JM013,cell14,2,"stimulusOnsetTime,choiceStartTime"
session_2024_11_01_1_JM013,cell15,1,"choiceStartTime"
session_2024_11_04_1_JM013,cell0,3,"stimulusOnsetTime,choiceStartTime,rewardTime"
session_2024_11_04_1_JM013,cell1,0,""
session_2024_11_04_1_JM013,cell2,0,""
session_2024_11_04_1_JM013,cell3,0,""
session_2024_11_04_1_JM013,cell4,0,""
session_2024_11_04_1_JM013,cell5,0,""
session_2024_11_04_1_JM013,cell6,0,""
session_2024_11_04_1_JM013,cell7,0,""
session_2024_11_04_1_JM013,cell8,0,""
session_2024_11_04_1_JM013,cell9,0,""
session_2024_11_04_1_JM013,cell10,0,""
session_2024_11_04_1_JM013,cell11,1,"rewardTime"
session_2024_11_04_1_JM013,cell12,0,""
session_2024_11_07_1_JM013,cell0,3,"stimulusOnsetTime,choiceStartTime,rewardTime"
session_2024_11_07_1_JM013,cell1,3,"stimulusOnsetTime,choiceStartTime,rewardTime"
session_2024_11_07_1_JM013,cell2,2,"stimulusOnsetTime,choiceStartTime"
session_2024_11_07_1_JM013,cell3,1,"stimulusOnsetTime"
session_2024_11_07_1_JM013,cell4,1,"stimulusOnsetTime"
session_2024_11_07_1_JM013,cell5,2,"stimulusOnsetTime,choiceStartTime"
session_2024_11_07_1_JM013,cell6,1,"stimulusOnsetTime"
session_2024_11_07_1_JM013,cell7,1,"stimulusOnsetTime"
session_2024_11_07_1_JM013,cell8,3,"stimulusOnsetTime,choiceStartTime,rewardTime"
session_2024_11_07_1_JM013,cell9,1,"stimulusOnsetTime"
session_2024_11_07_1_JM013,cell10,1,"stimulusOnsetTime"
session_2024_11_07_1_JM013,cell11,1,"stimulusOnsetTime"
session_2024_11_07_1_JM013,cell12,1,"stimulusOnsetTime"
session_2024_11_07_1_JM013,cell13,1,"stimulusOnsetTime"
session_2024_11_07_1_JM013,cell14,1,"stimulusOnsetTime"
session_2024_11_07_1_JM013,cell15,2,"stimulusOnsetTime,choiceStartTime"
session_2024_11_14_1_JM013,cell0,3,"stimulusOnsetTime,choiceStartTime,rewardTime"
session_2024_11_14_1_JM013,cell1,1,"rewardTime"
session_2024_11_14_1_JM013,cell2,0,""
session_2024_11_14_1_JM013,cell3,0,""
session_2024_11_14_1_JM013,cell4,2,"stimulusOnsetTime,choiceStartTime"
session_2024_11_14_1_JM013,cell5,3,"stimulusOnsetTime,choiceStartTime,rewardTime"
session_2024_11_14_1_JM013,cell6,0,""
session_2024_11_14_1_JM013,cell7,0,""
session_2024_11_14_1_JM013,cell8,2,"choiceStartTime,rewardTime"
session_2024_11_14_1_JM013,cell9,1,"rewardTime"
session_2024_11_14_1_JM013,cell10,1,"stimulusOnsetTime"
session_2024_11_14_1_JM013,cell11,0,""
session_2024_11_14_1_JM013,cell12,0,""
session_2024_11_14_1_JM013,cell13,3,"stimulusOnsetTime,choiceStartTime,rewardTime"
session_2024_11_18_1_JM013,cell0,3,"stimulusOnsetTime,choiceStartTime,rewardTime"
session_2024_11_18_1_JM013,cell1,0,""
session_2024_11_18_1_JM013,cell2,0,""
session_2024_11_18_1_JM013,cell3,0,""
session_2024_11_18_1_JM013,cell4,0,""
session_2024_11_18_1_JM013,cell5,1,"stimulusOnsetTime"
session_2024_11_18_1_JM013,cell6,0,""
session_2024_11_18_1_JM013,cell7,0,""
session_2024_11_18_1_JM013,cell8,0,""
session_2024_11_18_1_JM013,cell9,0,""
session_2024_11_18_1_JM013,cell10,1,"rewardTime"
session_2024_11_18_1_JM013,cell11,1,"stimulusOnsetTime"
session_2024_11_18_1_JM013,cell12,0,""
session_2024_11_18_1_JM013,cell13,0,""
session_2024_11_18_1_JM013,cell14,0,""
session_2024_11_18_1_JM013,cell15,1,"choiceStartTime"
session_2024_11_18_1_JM013,cell16,1,"rewardTime"
session_2024_11_22_1_JM013,cell0,3,"stimulusOnsetTime,choiceStartTime,rewardTime"
session_2024_11_22_1_JM013,cell1,2,"stimulusOnsetTime,rewardTime"
session_2024_11_22_1_JM013,cell2,0,""
session_2024_11_22_1_JM013,cell3,2,"stimulusOnsetTime,choiceStartTime"
session_2024_11_22_1_JM013,cell4,0,""
session_2024_11_22_1_JM013,cell5,3,"stimulusOnsetTime,choiceStartTime,rewardTime"
session_2024_11_22_1_JM013,cell6,2,"stimulusOnsetTime,choiceStartTime"
session_2024_11_22_1_JM013,cell7,2,"stimulusOnsetTime,choiceStartTime"
session_2024_11_25_1_JM013,cell0,3,"stimulusOnsetTime,choiceStartTime,rewardTime"
session_2024_11_25_1_JM013,cell1,1,"rewardTime"
session_2024_11_25_1_JM013,cell2,1,"rewardTime"
session_2024_11_25_1_JM013,cell3,0,""
session_2024_11_25_1_JM013,cell4,3,"stimulusOnsetTime,choiceStartTime,rewardTime"
session_2024_11_25_1_JM013,cell5,2,"stimulusOnsetTime,rewardTime"
session_2024_11_25_1_JM013,cell6,2,"stimulusOnsetTime,rewardTime"
session_2024_11_25_1_JM013,cell7,2,"stimulusOnsetTime,rewardTime"
session_2024_11_25_1_JM013,cell8,0,""
session_2024_11_25_1_JM013,cell9,1,"rewardTime"
session_2024_11_25_1_JM013,cell10,0,""
session_2024_11_25_1_JM013,cell11,1,"rewardTime"
session_2024_11_26_1_JM013,cell0,3,"stimulusOnsetTime,choiceStartTime,rewardTime"
session_2024_11_26_1_JM013,cell1,0,""
session_2024_11_26_1_JM013,cell2,1,"choiceStartTime"
session_2024_11_26_1_JM013,cell3,1,"stimulusOnsetTime"
session_2024_11_26_1_JM013,cell4,1,"stimulusOnsetTime"
session_2024_11_26_1_JM013,cell5,3,"stimulusOnsetTime,choiceStartTime,rewardTime"
session_2024_11_26_1_JM013,cell6,0,""
session_2024_11_26_1_JM013,cell7,2,"choiceStartTime,rewardTime"
session_2024_11_26_1_JM013,cell8,3,"stimulusOnsetTime,choiceStartTime,rewardTime"
session_2024_11_26_1_JM013,cell9,0,""
session_2024_11_26_1_JM013,cell10,2,"stimulusOnsetTime,choiceStartTime"
session_2024_11_26_1_JM013,cell11,1,"rewardTime"
session_2024_11_26_1_JM013,cell12,2,"stimulusOnsetTime,choiceStartTime"
session_2024_11_26_1_JM013,cell13,1,"rewardTime"
session_2024_12_01_1_JM013,cell0,3,"stimulusOnsetTime,choiceStartTime,rewardTime"
session_2024_12_01_1_JM013,cell1,0,""
session_2024_12_01_1_JM013,cell2,0,""
session_2024_12_01_1_JM013,cell3,0,""
session_2024_12_01_1_JM013,cell4,2,"choiceStartTime,rewardTime"
session_2024_12_01_1_JM013,cell5,0,""
session_2024_12_01_1_JM013,cell6,3,"stimulusOnsetTime,choiceStartTime,rewardTime"
session_2024_12_01_1_JM013,cell7,1,"rewardTime"
session_2024_12_01_1_JM013,cell8,0,""
session_2024_12_01_1_JM013,cell9,3,"stimulusOnsetTime,choiceStartTime,rewardTime"
session_2024_12_01_1_JM013,cell10,3,"stimulusOnsetTime,choiceStartTime,rewardTime"
session_2024_12_02_1_JM013,cell0,3,"stimulusOnsetTime,choiceStartTime,rewardTime"
session_2024_12_02_1_JM013,cell1,0,""
session_2024_12_02_1_JM013,cell2,1,"stimulusOnsetTime"
session_2024_12_02_1_JM013,cell3,0,""
session_2024_12_02_1_JM013,cell4,1,"stimulusOnsetTime"
session_2024_12_02_1_JM013,cell5,1,"stimulusOnsetTime"
session_2024_12_02_1_JM013,cell6,0,""
session_2024_12_02_1_JM013,cell7,0,""
session_2024_12_02_1_JM013,cell8,0,""
session_2024_12_02_1_JM013,cell9,0,""
session_2024_12_02_1_JM013,cell10,0,""
session_2024_12_02_1_JM013,cell11,0,""
session_2024_12_02_1_JM013,cell12,0,""
session_2024_12_02_1_JM013,cell13,1,"choiceStartTime"
session_2024_12_04_2_JM013,cell0,3,"stimulusOnsetTime,choiceStartTime,rewardTime"
session_2024_12_04_2_JM013,cell1,0,""
session_2024_12_04_2_JM013,cell2,2,"stimulusOnsetTime,rewardTime"
session_2024_12_04_2_JM013,cell3,2,"choiceStartTime,rewardTime"
session_2024_12_04_2_JM013,cell4,0,""
session_2024_12_04_2_JM013,cell5,2,"stimulusOnsetTime,choiceStartTime"
session_2024_12_04_2_JM013,cell6,0,""
session_2024_12_04_2_JM013,cell7,2,"choiceStartTime,rewardTime"
session_2024_12_05_1_JM013,cell0,3,"stimulusOnsetTime,choiceStartTime,rewardTime"
session_2024_12_05_1_JM013,cell1,2,"stimulusOnsetTime,choiceStartTime"
session_2024_12_05_1_JM013,cell2,1,"stimulusOnsetTime"
session_2024_12_05_1_JM013,cell3,2,"stimulusOnsetTime,choiceStartTime"
session_2024_12_05_1_JM013,cell4,0,""
session_2024_12_05_1_JM013,cell5,0,""
session_2024_12_05_1_JM013,cell6,0,""
session_2024_12_05_1_JM013,cell7,0,""
session_2024_12_05_1_JM013,cell8,0,""
session_2024_12_05_1_JM013,cell9,0,""
session_2024_12_08_1_JM013,cell0,3,"stimulusOnsetTime,choiceStartTime,rewardTime"
session_2024_12_08_1_JM013,cell1,3,"stimulusOnsetTime,choiceStartTime,rewardTime"
session_2024_12_08_1_JM013,cell2,3,"stimulusOnsetTime,choiceStartTime,rewardTime"
session_2024_12_08_1_JM013,cell3,2,"stimulusOnsetTime,choiceStartTime"
session_2024_12_08_1_JM013,cell4,2,"stimulusOnsetTime,choiceStartTime"
session_2024_12_08_1_JM013,cell5,1,"choiceStartTime"
session_2024_12_08_1_JM013,cell6,0,""
session_2024_12_08_1_JM013,cell7,1,"stimulusOnsetTime"
session_2024_12_08_1_JM013,cell8,3,"stimulusOnsetTime,choiceStartTime,rewardTime"
session_2024_12_09_1_JM013,cell0,3,"stimulusOnsetTime,choiceStartTime,rewardTime"
session_2024_12_09_1_JM013,cell1,0,""
session_2024_12_09_1_JM013,cell2,3,"stimulusOnsetTime,choiceStartTime,rewardTime"
session_2024_12_09_1_JM013,cell3,0,""
session_2024_12_09_1_JM013,cell4,3,"stimulusOnsetTime,choiceStartTime,rewardTime"
session_2024_12_09_1_JM013,cell5,2,"choiceStartTime,rewardTime"
session_2024_12_09_1_JM013,cell6,1,"stimulusOnsetTime"
session_2024_12_09_1_JM013,cell7,0,""
session_2024_12_09_1_JM013,cell8,2,"stimulusOnsetTime,choiceStartTime"
session_2024_12_09_1_JM013,cell9,2,"stimulusOnsetTime,choiceStartTime"
session_2024_12_09_1_JM013,cell10,0,""
session_2024_12_09_1_JM013,cell11,3,"stimulusOnsetTime,choiceStartTime,rewardTime"
session_2024_12_09_1_JM013,cell12,1,"rewardTime"
session_2024_12_09_1_JM013,cell13,2,"stimulusOnsetTime,choiceStartTime"
session_2024_12_10_1_JM013,cell0,3,"stimulusOnsetTime,choiceStartTime,rewardTime"
session_2024_12_10_1_JM013,cell1,2,"choiceStartTime,rewardTime"
session_2024_12_10_1_JM013,cell2,2,"stimulusOnsetTime,choiceStartTime"
session_2024_12_10_1_JM013,cell3,3,"stimulusOnsetTime,choiceStartTime,rewardTime"
session_2024_12_10_1_JM013,cell4,3,"stimulusOnsetTime,choiceStartTime,rewardTime"
session_2024_12_10_1_JM013,cell5,3,"stimulusOnsetTime,choiceStartTime,rewardTime"
session_2024_12_10_1_JM013,cell6,3,"stimulusOnsetTime,choiceStartTime,rewardTime"
session_2024_12_10_1_JM013,cell7,3,"stimulusOnsetTime,choiceStartTime,rewardTime"
session_2024_12_10_1_JM013,cell8,3,"stimulusOnsetTime,choiceStartTime,rewardTime"
session_2024_12_10_1_JM013,cell9,3,"stimulusOnsetTime,choiceStartTime,rewardTime"
session_2024_12_10_1_JM013,cell10,2,"choiceStartTime,rewardTime"
session_2024_12_10_1_JM013,cell11,3,"stimulusOnsetTime,choiceStartTime,rewardTime"
session_2024_12_10_1_JM013,cell12,3,"stimulusOnsetTime,choiceStartTime,rewardTime"
session_2024_12_11_1_JM013,cell0,3,"stimulusOnsetTime,choiceStartTime,rewardTime"
session_2024_12_11_1_JM013,cell1,0,""
session_2024_12_11_1_JM013,cell2,3,"stimulusOnsetTime,choiceStartTime,rewardTime"
session_2024_12_11_1_JM013,cell3,3,"stimulusOnsetTime,choiceStartTime,rewardTime"
session_2024_12_11_1_JM013,cell4,2,"choiceStartTime,rewardTime"
session_2024_12_11_1_JM013,cell5,3,"stimulusOnsetTime,choiceStartTime,rewardTime"
session_2024_12_11_1_JM013,cell6,3,"stimulusOnsetTime,choiceStartTime,rewardTime"
session_2024_12_11_1_JM013,cell7,3,"stimulusOnsetTime,choiceStartTime,rewardTime"
session_2024_12_12_1_JM013,cell0,3,"stimulusOnsetTime,choiceStartTime,rewardTime"
session_2024_12_12_1_JM013,cell1,2,"choiceStartTime,rewardTime"
session_2024_12_12_1_JM013,cell2,2,"choiceStartTime,rewardTime"
session_2024_12_12_1_JM013,cell3,1,"stimulusOnsetTime"
session_2024_12_12_1_JM013,cell4,1,"stimulusOnsetTime"
session_2024_12_13_3_JM013,cell0,3,"stimulusOnsetTime,choiceStartTime,rewardTime"
session_2024_12_13_3_JM013,cell1,0,""
session_2024_12_13_3_JM013,cell2,0,""
session_2024_12_13_3_JM013,cell3,2,"stimulusOnsetTime,rewardTime"
session_2024_12_13_3_JM013,cell4,1,"stimulusOnsetTime"
session_2024_12_13_3_JM013,cell5,0,""
session_2024_12_13_3_JM013,cell6,1,"choiceStartTime"
session_2024_12_13_3_JM013,cell7,0,""
session_2024_12_13_3_JM013,cell8,0,""
session_2024_12_13_3_JM013,cell9,0,""
session_2024_12_15_1_JM013,cell0,3,"stimulusOnsetTime,choiceStartTime,rewardTime"
session_2024_12_15_1_JM013,cell1,0,""
session_2024_12_15_1_JM013,cell2,1,"stimulusOnsetTime"
session_2024_12_15_1_JM013,cell3,2,"stimulusOnsetTime,choiceStartTime"
session_2024_12_15_1_JM013,cell4,3,"stimulusOnsetTime,choiceStartTime,rewardTime"
session_2024_12_15_1_JM013,cell5,3,"stimulusOnsetTime,choiceStartTime,rewardTime"
session_2024_12_15_1_JM013,cell6,0,""
session_2024_12_15_1_JM013,cell7,3,"stimulusOnsetTime,choiceStartTime,rewardTime"
session_2024_12_15_1_JM013,cell8,1,"stimulusOnsetTime"
session_2024_09_13_1_JM014,cell0,3,"stimulusOnsetTime,choiceStartTime,rewardTime"
session_2024_09_13_1_JM014,cell1,2,"stimulusOnsetTime,choiceStartTime"
session_2024_09_23_1_JM014,cell0,3,"stimulusOnsetTime,choiceStartTime,rewardTime"
session_2024_09_23_1_JM014,cell1,1,"choiceStartTime"
session_2024_09_23_1_JM014,cell2,2,"stimulusOnsetTime,choiceStartTime"
session_2024_09_23_1_JM014,cell3,0,""
session_2024_11_06_1_JM014,cell0,3,"stimulusOnsetTime,choiceStartTime,rewardTime"
session_2024_11_06_1_JM014,cell1,0,""
session_2024_11_07_1_JM014,cell0,3,"stimulusOnsetTime,choiceStartTime,rewardTime"
session_2024_11_07_1_JM014,cell1,2,"stimulusOnsetTime,choiceStartTime"
session_2024_11_07_1_JM014,cell2,0,""
session_2024_11_20_2_JM014,cell0,3,"stimulusOnsetTime,choiceStartTime,rewardTime"
session_2024_11_20_2_JM014,cell1,0,""
session_2024_11_20_2_JM014,cell2,1,"choiceStartTime"
session_2024_12_05_1_JM014,cell0,3,"stimulusOnsetTime,choiceStartTime,rewardTime"
session_2024_12_05_1_JM014,cell1,1,"rewardTime"
session_2024_12_05_1_JM014,cell2,1,"stimulusOnsetTime"
session_2024_12_11_1_JM014,cell0,3,"stimulusOnsetTime,choiceStartTime,rewardTime"
session_2024_12_11_1_JM014,cell1,1,"stimulusOnsetTime"
session_2024_12_11_1_JM014,cell2,0,""
session_2024_12_11_1_JM014,cell3,1,"stimulusOnsetTime"
session_2024_12_12_1_JM014,cell0,3,"stimulusOnsetTime,choiceStartTime,rewardTime"
session_2024_12_12_1_JM014,cell1,3,"stimulusOnsetTime,choiceStartTime,rewardTime"
session_2024_12_12_1_JM014,cell2,1,"stimulusOnsetTime"
session_2024_12_13_1_JM014,cell0,3,"stimulusOnsetTime,choiceStartTime,rewardTime"
session_2024_12_13_1_JM014,cell1,1,"rewardTime"
session_2024_12_13_1_JM014,cell2,0,""
session_2024_12_16_1_JM014,cell0,3,"stimulusOnsetTime,choiceStartTime,rewardTime"
session_2024_12_16_1_JM014,cell1,1,"stimulusOnsetTime"
session_2024_12_16_1_JM014,cell2,1,"stimulusOnsetTime"
session_2024_12_16_1_JM014,cell3,0,""
session_2024_12_16_1_JM014,cell4,0,""
session_2024_12_16_1_JM014,cell5,0,""
session_2024_11_20_2_JM015,cell0,3,"stimulusOnsetTime,choiceStartTime,rewardTime"
session_2024_11_20_2_JM015,cell1,0,""
session_2024_11_20_2_JM015,cell2,1,"rewardTime"
session_2024_11_20_2_JM015,cell3,0,""
session_2024_11_20_2_JM015,cell4,0,""
session_2024_11_20_2_JM015,cell5,1,"rewardTime"
session_2024_11_20_2_JM015,cell6,1,"rewardTime"
session_2024_11_20_2_JM015,cell7,0,""
session_2024_11_20_2_JM015,cell8,0,""
session_2024_11_20_2_JM015,cell9,0,""
session_2024_11_20_2_JM015,cell10,0,""
session_2024_11_20_2_JM015,cell11,0,""
session_2024_11_20_2_JM015,cell12,0,""
session_2024_11_20_2_JM015,cell13,0,""
session_2024_11_20_2_JM015,cell14,1,"rewardTime"
session_2024_11_20_2_JM015,cell15,0,""
session_2024_11_20_2_JM015,cell16,0,""
session_2024_11_20_2_JM015,cell17,0,""
session_2024_11_20_2_JM015,cell18,0,""
session_2024_11_20_2_JM015,cell19,0,""
session_2024_11_20_2_JM015,cell20,1,"rewardTime"
session_2024_11_20_2_JM015,cell21,1,"rewardTime"
session_2024_11_20_2_JM015,cell22,0,""
session_2024_11_20_2_JM015,cell23,1,"rewardTime"
session_2024_11_20_2_JM015,cell24,0,""
session_2024_11_20_2_JM015,cell25,0,""
session_2024_11_20_2_JM015,cell26,0,""
session_2024_11_22_2_JM015,cell0,3,"stimulusOnsetTime,choiceStartTime,rewardTime"
session_2024_11_22_2_JM015,cell1,1,"stimulusOnsetTime"
session_2024_11_22_2_JM015,cell2,0,""
session_2024_11_22_2_JM015,cell3,0,""
session_2024_11_22_2_JM015,cell4,0,""
session_2024_11_22_2_JM015,cell5,3,"stimulusOnsetTime,choiceStartTime,rewardTime"
session_2024_11_22_2_JM015,cell6,0,""
session_2024_11_22_2_JM015,cell7,0,""
session_2024_11_22_2_JM015,cell8,1,"choiceStartTime"
session_2024_11_22_2_JM015,cell9,0,""
session_2024_11_22_2_JM015,cell10,2,"choiceStartTime,rewardTime"
session_2024_11_22_2_JM015,cell11,1,"stimulusOnsetTime"
session_2024_11_22_2_JM015,cell12,2,"choiceStartTime,rewardTime"
session_2024_11_22_2_JM015,cell13,1,"stimulusOnsetTime"
session_2024_11_22_2_JM015,cell14,3,"stimulusOnsetTime,choiceStartTime,rewardTime"
session_2024_11_22_2_JM015,cell15,0,""
session_2024_11_22_2_JM015,cell16,1,"stimulusOnsetTime"
session_2024_11_22_2_JM015,cell17,0,""
session_2024_12_02_1_JM015,cell0,3,"stimulusOnsetTime,choiceStartTime,rewardTime"
session_2024_12_02_1_JM015,cell1,1,"rewardTime"
session_2024_12_02_1_JM015,cell2,0,""
session_2024_12_02_1_JM015,cell3,1,"choiceStartTime"
session_2024_12_02_1_JM015,cell4,0,""
session_2024_12_02_1_JM015,cell5,0,""
session_2024_12_02_1_JM015,cell6,0,""
session_2024_12_02_1_JM015,cell7,3,"stimulusOnsetTime,choiceStartTime,rewardTime"
session_2024_12_02_1_JM015,cell8,0,""
session_2024_12_02_1_JM015,cell9,0,""
session_2024_12_02_1_JM015,cell10,0,""
session_2024_12_02_1_JM015,cell11,1,"stimulusOnsetTime"
session_2024_12_02_1_JM015,cell12,0,""
session_2024_12_02_1_JM015,cell13,0,""
session_2024_12_02_1_JM015,cell14,0,""
session_2024_12_02_1_JM015,cell15,0,""
session_2024_12_02_1_JM015,cell16,2,"choiceStartTime,rewardTime"
session_2024_12_03_1_JM015,cell0,3,"stimulusOnsetTime,choiceStartTime,rewardTime"
session_2024_12_03_1_JM015,cell1,2,"stimulusOnsetTime,choiceStartTime"
session_2024_12_03_1_JM015,cell2,1,"stimulusOnsetTime"
session_2024_12_03_1_JM015,cell3,1,"stimulusOnsetTime"
session_2024_12_03_1_JM015,cell4,2,"stimulusOnsetTime,choiceStartTime"
session_2024_12_03_1_JM015,cell5,2,"stimulusOnsetTime,choiceStartTime"
session_2024_12_03_1_JM015,cell6,1,"stimulusOnsetTime"
session_2024_12_03_1_JM015,cell7,2,"stimulusOnsetTime,choiceStartTime"
session_2024_12_03_1_JM015,cell8,2,"stimulusOnsetTime,choiceStartTime"
session_2024_12_03_1_JM015,cell9,2,"stimulusOnsetTime,choiceStartTime"
session_2024_12_03_1_JM015,cell10,0,""
session_2024_12_03_1_JM015,cell11,2,"stimulusOnsetTime,choiceStartTime"
session_2024_12_03_1_JM015,cell12,3,"stimulusOnsetTime,choiceStartTime,rewardTime"
session_2024_12_03_1_JM015,cell13,1,"stimulusOnsetTime"
session_2024_12_03_1_JM015,cell14,1,"stimulusOnsetTime"
session_2024_12_03_1_JM015,cell15,2,"stimulusOnsetTime,choiceStartTime"
session_2024_12_03_1_JM015,cell16,2,"stimulusOnsetTime,choiceStartTime"
session_2024_12_05_1_JM015,cell0,3,"stimulusOnsetTime,choiceStartTime,rewardTime"
session_2024_12_05_1_JM015,cell1,0,""
session_2024_12_05_1_JM015,cell2,0,""
session_2024_12_05_1_JM015,cell3,0,""
session_2024_12_05_1_JM015,cell4,1,"rewardTime"
session_2024_12_05_1_JM015,cell5,0,""
session_2024_12_05_1_JM015,cell6,0,""
session_2024_12_05_1_JM015,cell7,0,""
session_2024_12_05_1_JM015,cell8,1,"rewardTime"
session_2024_12_05_1_JM015,cell9,0,""
session_2024_12_05_1_JM015,cell10,0,""
session_2024_12_05_1_JM015,cell11,0,""
session_2024_12_05_1_JM015,cell12,0,""
session_2024_12_05_1_JM015,cell13,0,""
session_2024_12_05_1_JM015,cell14,1,"rewardTime"
session_2024_12_05_1_JM015,cell15,2,"stimulusOnsetTime,choiceStartTime"
session_2024_12_06_1_JM015,cell0,3,"stimulusOnsetTime,choiceStartTime,rewardTime"
session_2024_12_06_1_JM015,cell1,1,"stimulusOnsetTime"
session_2024_12_06_1_JM015,cell2,1,"rewardTime"
session_2024_12_06_1_JM015,cell3,1,"rewardTime"
session_2024_12_06_1_JM015,cell4,2,"stimulusOnsetTime,rewardTime"
session_2024_12_06_1_JM015,cell5,2,"stimulusOnsetTime,rewardTime"
session_2024_12_06_1_JM015,cell6,0,""
session_2024_12_06_1_JM015,cell7,1,"stimulusOnsetTime"
session_2024_12_06_1_JM015,cell8,1,"stimulusOnsetTime"
session_2024_12_06_1_JM015,cell9,0,""
session_2024_12_06_1_JM015,cell10,1,"rewardTime"
session_2024_12_06_1_JM015,cell11,1,"stimulusOnsetTime"
session_2024_12_06_1_JM015,cell12,0,""
session_2024_12_06_1_JM015,cell13,0,""
session_2024_12_06_1_JM015,cell14,0,""
session_2024_12_06_1_JM015,cell15,0,""
session_2024_12_06_1_JM015,cell16,1,"choiceStartTime"
session_2024_12_06_1_JM015,cell17,1,"stimulusOnsetTime"
session_2024_12_06_1_JM015,cell18,1,"stimulusOnsetTime"
session_2024_12_06_1_JM015,cell19,1,"rewardTime"
session_2024_12_06_1_JM015,cell20,0,""
session_2024_12_10_1_JM015,cell0,3,"stimulusOnsetTime,choiceStartTime,rewardTime"
session_2024_12_10_1_JM015,cell1,0,""
session_2024_12_10_1_JM015,cell2,1,"choiceStartTime"
session_2024_12_10_1_JM015,cell3,0,""
session_2024_12_10_1_JM015,cell4,0,""
session_2024_12_10_1_JM015,cell5,0,""
session_2024_12_10_1_JM015,cell6,1,"choiceStartTime"
session_2024_12_10_1_JM015,cell7,0,""
session_2024_12_10_1_JM015,cell8,0,""
session_2024_12_10_1_JM015,cell9,0,""
session_2024_12_10_1_JM015,cell10,1,"choiceStartTime"
session_2024_12_10_1_JM015,cell11,0,""
session_2024_12_10_1_JM015,cell12,0,""
session_2024_12_10_1_JM015,cell13,0,""
session_2024_12_10_1_JM015,cell14,0,""
session_2024_12_10_1_JM015,cell15,0,""
session_2024_12_10_1_JM015,cell16,0,""
session_2024_12_10_1_JM015,cell17,0,""
session_2024_12_10_1_JM015,cell18,0,""
session_2024_12_10_1_JM015,cell19,0,""
session_2024_12_10_1_JM015,cell20,0,""
session_2024_12_10_1_JM015,cell21,0,""
session_2024_12_10_1_JM015,cell22,1,"choiceStartTime"
session_2024_12_10_1_JM015,cell23,1,"choiceStartTime"
session_2024_11_04_1_JM018,cell0,3,"stimulusOnsetTime,choiceStartTime,rewardTime"
session_2024_11_04_1_JM018,cell1,0,""
session_2024_11_04_1_JM018,cell2,0,""
session_2024_11_04_1_JM018,cell3,2,"stimulusOnsetTime,choiceStartTime"
session_2024_11_04_1_JM018,cell4,1,"stimulusOnsetTime"
session_2024_11_04_1_JM018,cell5,2,"stimulusOnsetTime,rewardTime"
session_2024_11_04_1_JM018,cell6,1,"stimulusOnsetTime"
session_2024_11_04_1_JM018,cell7,1,"stimulusOnsetTime"
session_2024_11_04_1_JM018,cell8,2,"stimulusOnsetTime,rewardTime"
session_2024_11_04_1_JM018,cell9,1,"stimulusOnsetTime"
session_2024_11_04_1_JM018,cell10,1,"stimulusOnsetTime"
session_2024_11_04_1_JM018,cell11,2,"stimulusOnsetTime,choiceStartTime"
session_2024_11_04_1_JM018,cell12,3,"stimulusOnsetTime,choiceStartTime,rewardTime"
session_2024_11_04_1_JM018,cell13,1,"choiceStartTime"
session_2024_11_04_1_JM018,cell14,1,"stimulusOnsetTime"
session_2024_11_04_1_JM018,cell15,0,""
session_2024_11_04_1_JM018,cell16,1,"stimulusOnsetTime"
session_2024_11_04_1_JM018,cell17,1,"stimulusOnsetTime"
session_2024_11_04_1_JM018,cell18,1,"stimulusOnsetTime"
session_2024_11_04_1_JM018,cell19,3,"stimulusOnsetTime,choiceStartTime,rewardTime"
session_2024_11_04_1_JM018,cell20,1,"stimulusOnsetTime"
session_2024_11_04_1_JM018,cell21,3,"stimulusOnsetTime,choiceStartTime,rewardTime"
session_2024_11_04_1_JM018,cell22,2,"stimulusOnsetTime,choiceStartTime"
session_2024_11_04_1_JM018,cell23,1,"stimulusOnsetTime"
session_2024_11_04_1_JM018,cell24,1,"stimulusOnsetTime"
session_2024_11_04_1_JM018,cell25,1,"stimulusOnsetTime"
session_2024_11_04_1_JM018,cell26,3,"stimulusOnsetTime,choiceStartTime,rewardTime"
session_2024_11_06_1_JM018,cell0,3,"stimulusOnsetTime,choiceStartTime,rewardTime"
session_2024_11_06_1_JM018,cell1,2,"stimulusOnsetTime,choiceStartTime"
session_2024_11_06_1_JM018,cell2,3,"stimulusOnsetTime,choiceStartTime,rewardTime"
session_2024_11_06_1_JM018,cell3,1,"stimulusOnsetTime"
session_2024_11_06_1_JM018,cell4,1,"stimulusOnsetTime"
session_2024_11_06_1_JM018,cell5,2,"stimulusOnsetTime,choiceStartTime"
session_2024_11_06_1_JM018,cell6,2,"stimulusOnsetTime,choiceStartTime"
session_2024_11_06_1_JM018,cell7,3,"stimulusOnsetTime,choiceStartTime,rewardTime"
session_2024_11_06_1_JM018,cell8,2,"stimulusOnsetTime,choiceStartTime"
session_2024_11_06_1_JM018,cell9,3,"stimulusOnsetTime,choiceStartTime,rewardTime"
session_2024_11_06_1_JM018,cell10,3,"stimulusOnsetTime,choiceStartTime,rewardTime"
session_2024_11_06_1_JM018,cell11,3,"stimulusOnsetTime,choiceStartTime,rewardTime"
session_2024_11_06_1_JM018,cell12,3,"stimulusOnsetTime,choiceStartTime,rewardTime"
session_2024_11_06_1_JM018,cell13,2,"stimulusOnsetTime,choiceStartTime"
session_2024_11_06_1_JM018,cell14,2,"stimulusOnsetTime,rewardTime"
session_2024_11_06_1_JM018,cell15,2,"stimulusOnsetTime,choiceStartTime"
session_2024_11_06_1_JM018,cell16,2,"stimulusOnsetTime,choiceStartTime"
session_2024_11_06_1_JM018,cell17,2,"stimulusOnsetTime,choiceStartTime"
session_2024_11_06_1_JM018,cell18,3,"stimulusOnsetTime,choiceStartTime,rewardTime"
session_2024_11_06_1_JM018,cell19,3,"stimulusOnsetTime,choiceStartTime,rewardTime"
session_2024_11_06_1_JM018,cell20,2,"stimulusOnsetTime,choiceStartTime"
session_2024_11_06_1_JM018,cell21,1,"choiceStartTime"
session_2024_11_06_1_JM018,cell22,0,""
session_2024_11_06_1_JM018,cell23,2,"stimulusOnsetTime,choiceStartTime"
session_2024_11_06_1_JM018,cell24,3,"stimulusOnsetTime,choiceStartTime,rewardTime"
session_2024_11_06_1_JM018,cell25,0,""
session_2024_11_06_1_JM018,cell26,2,"stimulusOnsetTime,choiceStartTime"
session_2024_11_06_1_JM018,cell27,3,"stimulusOnsetTime,choiceStartTime,rewardTime"
session_2024_11_06_1_JM018,cell28,2,"stimulusOnsetTime,choiceStartTime"
session_2024_11_06_1_JM018,cell29,2,"stimulusOnsetTime,choiceStartTime"
session_2024_11_06_1_JM018,cell30,2,"stimulusOnsetTime,choiceStartTime"
session_2024_11_06_1_JM018,cell31,3,"stimulusOnsetTime,choiceStartTime,rewardTime"
session_2024_11_07_1_JM018,cell0,3,"stimulusOnsetTime,choiceStartTime,rewardTime"
session_2024_11_07_1_JM018,cell1,0,""
session_2024_11_07_1_JM018,cell2,2,"stimulusOnsetTime,choiceStartTime"
session_2024_11_07_1_JM018,cell3,0,""
session_2024_11_07_1_JM018,cell4,2,"choiceStartTime,rewardTime"
session_2024_11_07_1_JM018,cell5,1,"stimulusOnsetTime"
session_2024_11_07_1_JM018,cell6,1,"stimulusOnsetTime"
session_2024_11_07_1_JM018,cell7,2,"stimulusOnsetTime,choiceStartTime"
session_2024_11_07_1_JM018,cell8,2,"stimulusOnsetTime,choiceStartTime"
session_2024_11_07_1_JM018,cell9,2,"stimulusOnsetTime,choiceStartTime"
session_2024_11_07_1_JM018,cell10,0,""
session_2024_11_07_1_JM018,cell11,3,"stimulusOnsetTime,choiceStartTime,rewardTime"
session_2024_11_07_1_JM018,cell12,3,"stimulusOnsetTime,choiceStartTime,rewardTime"
session_2024_11_07_1_JM018,cell13,1,"choiceStartTime"
session_2024_11_07_1_JM018,cell14,1,"stimulusOnsetTime"
session_2024_11_07_1_JM018,cell15,1,"stimulusOnsetTime"
session_2024_11_07_1_JM018,cell16,2,"stimulusOnsetTime,choiceStartTime"
session_2024_11_07_1_JM018,cell17,1,"stimulusOnsetTime"
session_2024_11_07_1_JM018,cell18,0,""
session_2024_11_07_1_JM018,cell19,0,""
session_2024_11_07_1_JM018,cell20,0,""
session_2024_11_07_1_JM018,cell21,1,"stimulusOnsetTime"
session_2024_11_07_1_JM018,cell22,0,""
session_2024_11_07_1_JM018,cell23,2,"stimulusOnsetTime,choiceStartTime"
session_2024_11_07_1_JM018,cell24,1,"stimulusOnsetTime"
session_2024_11_07_1_JM018,cell25,1,"stimulusOnsetTime"
session_2024_11_13_1_JM018,cell0,3,"stimulusOnsetTime,choiceStartTime,rewardTime"
session_2024_11_13_1_JM018,cell1,3,"stimulusOnsetTime,choiceStartTime,rewardTime"
session_2024_11_13_1_JM018,cell2,0,""
session_2024_11_13_1_JM018,cell3,2,"choiceStartTime,rewardTime"
session_2024_11_13_1_JM018,cell4,0,""
session_2024_11_13_1_JM018,cell5,2,"stimulusOnsetTime,choiceStartTime"
session_2024_11_13_1_JM018,cell6,0,""
session_2024_11_13_1_JM018,cell7,3,"stimulusOnsetTime,choiceStartTime,rewardTime"
session_2024_11_13_1_JM018,cell8,2,"choiceStartTime,rewardTime"
session_2024_11_13_1_JM018,cell9,3,"stimulusOnsetTime,choiceStartTime,rewardTime"
session_2024_11_13_1_JM018,cell10,0,""
session_2024_11_13_1_JM018,cell11,2,"stimulusOnsetTime,choiceStartTime"
session_2024_11_13_1_JM018,cell12,2,"stimulusOnsetTime,choiceStartTime"
session_2024_11_13_1_JM018,cell13,0,""
session_2024_11_13_1_JM018,cell14,1,"stimulusOnsetTime"
session_2024_11_13_1_JM018,cell15,0,""
session_2024_11_13_1_JM018,cell16,0,""
session_2024_11_13_1_JM018,cell17,3,"stimulusOnsetTime,choiceStartTime,rewardTime"
session_2024_11_13_1_JM018,cell18,0,""
session_2024_11_14_1_JM018,cell0,3,"stimulusOnsetTime,choiceStartTime,rewardTime"
session_2024_11_14_1_JM018,cell1,0,""
session_2024_11_14_1_JM018,cell2,2,"stimulusOnsetTime,choiceStartTime"
session_2024_11_14_1_JM018,cell3,2,"stimulusOnsetTime,choiceStartTime"
session_2024_11_14_1_JM018,cell4,2,"stimulusOnsetTime,choiceStartTime"
session_2024_11_14_1_JM018,cell5,1,"stimulusOnsetTime"
session_2024_11_14_1_JM018,cell6,2,"stimulusOnsetTime,choiceStartTime"
session_2024_11_14_1_JM018,cell7,2,"stimulusOnsetTime,choiceStartTime"
session_2024_11_14_1_JM018,cell8,1,"stimulusOnsetTime"
session_2024_11_14_1_JM018,cell9,2,"stimulusOnsetTime,choiceStartTime"
session_2024_11_14_1_JM018,cell10,2,"stimulusOnsetTime,choiceStartTime"
session_2024_11_14_1_JM018,cell11,1,"stimulusOnsetTime"
session_2024_11_14_1_JM018,cell12,2,"stimulusOnsetTime,choiceStartTime"
session_2024_11_14_1_JM018,cell13,0,""
session_2024_11_14_1_JM018,cell14,2,"stimulusOnsetTime,choiceStartTime"
session_2024_11_14_1_JM018,cell15,2,"stimulusOnsetTime,choiceStartTime"
session_2024_11_14_1_JM018,cell16,2,"stimulusOnsetTime,choiceStartTime"
session_2024_11_14_1_JM018,cell17,2,"stimulusOnsetTime,choiceStartTime"
session_2024_11_14_1_JM018,cell18,0,""
session_2024_11_14_1_JM018,cell19,2,"stimulusOnsetTime,choiceStartTime"
session_2024_11_14_1_JM018,cell20,1,"stimulusOnsetTime"
session_2024_11_14_1_JM018,cell21,1,"stimulusOnsetTime"
session_2024_11_14_1_JM018,cell22,0,""
session_2024_11_14_1_JM018,cell23,1,"choiceStartTime"
session_2024_11_14_1_JM018,cell24,2,"stimulusOnsetTime,choiceStartTime"
session_2024_11_15_1_JM018,cell0,3,"stimulusOnsetTime,choiceStartTime,rewardTime"
session_2024_11_15_1_JM018,cell1,0,""
session_2024_11_15_1_JM018,cell2,0,""
session_2024_11_15_1_JM018,cell3,2,"stimulusOnsetTime,choiceStartTime"
session_2024_11_15_1_JM018,cell4,2,"stimulusOnsetTime,rewardTime"
session_2024_11_15_1_JM018,cell5,0,""
session_2024_11_15_1_JM018,cell6,1,"choiceStartTime"
session_2024_11_15_1_JM018,cell7,0,""
session_2024_11_15_1_JM018,cell8,0,""
session_2024_11_15_1_JM018,cell9,3,"stimulusOnsetTime,choiceStartTime,rewardTime"
session_2024_11_15_1_JM018,cell10,1,"rewardTime"
session_2024_11_15_1_JM018,cell11,1,"stimulusOnsetTime"
session_2024_11_15_1_JM018,cell12,0,""
session_2024_11_15_1_JM018,cell13,3,"stimulusOnsetTime,choiceStartTime,rewardTime"
session_2024_11_15_1_JM018,cell14,1,"stimulusOnsetTime"
session_2024_11_15_1_JM018,cell15,0,""
session_2024_11_15_1_JM018,cell16,0,""
session_2024_11_15_1_JM018,cell17,2,"stimulusOnsetTime,choiceStartTime"
session_2024_11_15_1_JM018,cell18,0,""
session_2024_11_15_1_JM018,cell19,2,"stimulusOnsetTime,rewardTime"
session_2024_11_15_1_JM018,cell20,0,""
session_2024_11_15_1_JM018,cell21,1,"rewardTime"
session_2024_11_15_1_JM018,cell22,1,"stimulusOnsetTime"
session_2024_11_15_1_JM018,cell23,1,"stimulusOnsetTime"
session_2024_11_15_1_JM018,cell24,1,"rewardTime"
session_2024_11_15_1_JM018,cell25,0,""
session_2024_11_15_1_JM018,cell26,1,"stimulusOnsetTime"
session_2024_11_18_1_JM018,cell0,3,"stimulusOnsetTime,choiceStartTime,rewardTime"
session_2024_11_18_1_JM018,cell1,0,""
session_2024_11_18_1_JM018,cell2,0,""
session_2024_11_18_1_JM018,cell3,1,"stimulusOnsetTime"
session_2024_11_18_1_JM018,cell4,0,""
session_2024_11_18_1_JM018,cell5,0,""
session_2024_11_18_1_JM018,cell6,1,"choiceStartTime"
session_2024_11_18_1_JM018,cell7,1,"stimulusOnsetTime"
session_2024_11_18_1_JM018,cell8,1,"stimulusOnsetTime"
session_2024_11_18_1_JM018,cell9,0,""
session_2024_11_18_1_JM018,cell10,2,"stimulusOnsetTime,choiceStartTime"
session_2024_11_18_1_JM018,cell11,0,""
session_2024_11_18_1_JM018,cell12,1,"stimulusOnsetTime"
session_2024_11_18_1_JM018,cell13,2,"stimulusOnsetTime,choiceStartTime"
session_2024_11_18_1_JM018,cell14,1,"stimulusOnsetTime"
session_2024_11_18_1_JM018,cell15,0,""
session_2024_11_18_1_JM018,cell16,0,""
session_2024_11_18_1_JM018,cell17,1,"stimulusOnsetTime"
session_2024_11_18_1_JM018,cell18,1,"stimulusOnsetTime"
session_2024_11_18_1_JM018,cell19,1,"stimulusOnsetTime"
session_2024_11_18_1_JM018,cell20,0,""
session_2024_11_18_1_JM018,cell21,1,"stimulusOnsetTime"
session_2024_11_18_1_JM018,cell22,0,""
session_2024_11_18_1_JM018,cell23,2,"stimulusOnsetTime,choiceStartTime"
session_2024_11_18_1_JM018,cell24,1,"stimulusOnsetTime"
session_2024_11_18_1_JM018,cell25,1,"stimulusOnsetTime"
session_2024_11_18_1_JM018,cell26,3,"stimulusOnsetTime,choiceStartTime,rewardTime"
session_2024_11_18_1_JM018,cell27,0,""
session_2024_11_18_1_JM018,cell28,1,"stimulusOnsetTime"
session_2024_11_18_1_JM018,cell29,2,"stimulusOnsetTime,choiceStartTime"
session_2024_11_18_1_JM018,cell30,1,"choiceStartTime"
session_2024_11_18_1_JM018,cell31,0,""
session_2024_11_18_1_JM018,cell32,1,"stimulusOnsetTime"
session_2024_11_18_1_JM018,cell33,3,"stimulusOnsetTime,choiceStartTime,rewardTime"
session_2024_11_18_1_JM018,cell34,1,"stimulusOnsetTime"
session_2024_11_18_1_JM018,cell35,0,""
session_2024_11_18_1_JM018,cell36,1,"stimulusOnsetTime"
session_2024_11_19_1_JM018,cell0,3,"stimulusOnsetTime,choiceStartTime,rewardTime"
session_2024_11_19_1_JM018,cell1,0,""
session_2024_11_19_1_JM018,cell2,1,"rewardTime"
session_2024_11_19_1_JM018,cell3,3,"stimulusOnsetTime,choiceStartTime,rewardTime"
session_2024_11_19_1_JM018,cell4,0,""
session_2024_11_19_1_JM018,cell5,0,""
session_2024_11_19_1_JM018,cell6,0,""
session_2024_11_19_1_JM018,cell7,1,"stimulusOnsetTime"
session_2024_11_19_1_JM018,cell8,0,""
session_2024_11_19_1_JM018,cell9,2,"stimulusOnsetTime,choiceStartTime"
session_2024_11_19_1_JM018,cell10,0,""
session_2024_11_19_1_JM018,cell11,0,""
session_2024_11_19_1_JM018,cell12,3,"stimulusOnsetTime,choiceStartTime,rewardTime"
session_2024_11_19_1_JM018,cell13,2,"stimulusOnsetTime,choiceStartTime"
session_2024_11_19_1_JM018,cell14,1,"choiceStartTime"
session_2024_11_19_1_JM018,cell15,0,""
session_2024_11_19_1_JM018,cell16,1,"rewardTime"
session_2024_11_19_1_JM018,cell17,0,""
session_2024_11_19_1_JM018,cell18,0,""
session_2024_11_19_1_JM018,cell19,0,""
session_2024_11_19_1_JM018,cell20,3,"stimulusOnsetTime,choiceStartTime,rewardTime"
session_2024_11_19_1_JM018,cell21,0,""
session_2024_11_19_1_JM018,cell22,0,""
session_2024_11_19_1_JM018,cell23,0,""
session_2024_11_19_1_JM018,cell24,0,""
session_2024_11_19_1_JM018,cell25,1,"stimulusOnsetTime"
session_2024_11_19_1_JM018,cell26,1,"stimulusOnsetTime"
session_2024_11_20_2_JM018,cell0,3,"stimulusOnsetTime,choiceStartTime,rewardTime"
session_2024_11_20_2_JM018,cell1,1,"rewardTime"
session_2024_11_20_2_JM018,cell2,0,""
session_2024_11_20_2_JM018,cell3,0,""
session_2024_11_20_2_JM018,cell4,0,""
session_2024_11_20_2_JM018,cell5,0,""
session_2024_11_20_2_JM018,cell6,0,""
session_2024_11_20_2_JM018,cell7,0,""
session_2024_11_20_2_JM018,cell8,3,"stimulusOnsetTime,choiceStartTime,rewardTime"
session_2024_11_20_2_JM018,cell9,1,"choiceStartTime"
session_2024_11_20_2_JM018,cell10,2,"choiceStartTime,rewardTime"
session_2024_11_20_2_JM018,cell11,3,"stimulusOnsetTime,choiceStartTime,rewardTime"
session_2024_11_20_2_JM018,cell12,1,"choiceStartTime"
session_2024_11_20_2_JM018,cell13,0,""
session_2024_11_20_2_JM018,cell14,3,"stimulusOnsetTime,choiceStartTime,rewardTime"
session_2024_11_20_2_JM018,cell15,0,""
session_2024_11_20_2_JM018,cell16,2,"stimulusOnsetTime,choiceStartTime"
session_2024_11_20_2_JM018,cell17,1,"choiceStartTime"
session_2024_11_20_2_JM018,cell18,0,""
session_2024_11_20_2_JM018,cell19,0,""
session_2024_11_20_2_JM018,cell20,0,""
session_2024_11_20_2_JM018,cell21,0,""
session_2024_11_20_2_JM018,cell22,1,"stimulusOnsetTime"
session_2024_11_20_2_JM018,cell23,0,""
session_2024_11_20_2_JM018,cell24,0,""
session_2024_11_20_2_JM018,cell25,1,"stimulusOnsetTime"
session_2024_11_20_2_JM018,cell26,2,"choiceStartTime,rewardTime"
session_2024_11_21_1_JM018,cell0,3,"stimulusOnsetTime,choiceStartTime,rewardTime"
session_2024_11_21_1_JM018,cell1,0,""
session_2024_11_21_1_JM018,cell2,3,"stimulusOnsetTime,choiceStartTime,rewardTime"
session_2024_11_21_1_JM018,cell3,0,""
session_2024_11_21_1_JM018,cell4,2,"choiceStartTime,rewardTime"
session_2024_11_21_1_JM018,cell5,0,""
session_2024_11_21_1_JM018,cell6,0,""
session_2024_11_21_1_JM018,cell7,1,"rewardTime"
session_2024_11_21_1_JM018,cell8,2,"choiceStartTime,rewardTime"
session_2024_11_21_1_JM018,cell9,1,"rewardTime"
session_2024_11_21_1_JM018,cell10,2,"choiceStartTime,rewardTime"
session_2024_11_21_1_JM018,cell11,3,"stimulusOnsetTime,choiceStartTime,rewardTime"
session_2024_11_21_1_JM018,cell12,2,"choiceStartTime,rewardTime"
session_2024_11_21_1_JM018,cell13,2,"choiceStartTime,rewardTime"
session_2024_11_21_1_JM018,cell14,3,"stimulusOnsetTime,choiceStartTime,rewardTime"
session_2024_11_21_1_JM018,cell15,3,"stimulusOnsetTime,choiceStartTime,rewardTime"
session_2024_11_21_1_JM018,cell16,2,"choiceStartTime,rewardTime"
session_2024_11_21_1_JM018,cell17,1,"rewardTime"
session_2024_11_21_1_JM018,cell18,0,""
session_2024_11_21_1_JM018,cell19,3,"stimulusOnsetTime,choiceStartTime,rewardTime"
session_2024_11_21_1_JM018,cell20,0,""
session_2024_11_21_1_JM018,cell21,3,"stimulusOnsetTime,choiceStartTime,rewardTime"
session_2024_11_21_1_JM018,cell22,2,"choiceStartTime,rewardTime"
session_2024_11_21_1_JM018,cell23,3,"stimulusOnsetTime,choiceStartTime,rewardTime"
session_2024_11_21_1_JM018,cell24,1,"choiceStartTime"
session_2024_11_21_1_JM018,cell25,3,"stimulusOnsetTime,choiceStartTime,rewardTime"
session_2024_11_21_1_JM018,cell26,1,"rewardTime"
session_2024_11_21_1_JM018,cell27,2,"stimulusOnsetTime,rewardTime"
session_2024_11_21_1_JM018,cell28,3,"stimulusOnsetTime,choiceStartTime,rewardTime"
session_2024_11_21_1_JM018,cell29,3,"stimulusOnsetTime,choiceStartTime,rewardTime"
session_2024_11_21_1_JM018,cell30,0,""
session_2024_11_21_1_JM018,cell31,1,"choiceStartTime"
session_2024_11_21_1_JM018,cell32,0,""
session_2024_11_21_1_JM018,cell33,0,""
session_2024_11_21_1_JM018,cell34,1,"rewardTime"
session_2024_11_21_1_JM018,cell35,0,""
session_2024_11_21_1_JM018,cell36,2,"choiceStartTime,rewardTime"
session_2024_11_21_1_JM018,cell37,0,""
session_2024_11_25_1_JM018,cell0,3,"stimulusOnsetTime,choiceStartTime,rewardTime"
session_2024_11_25_1_JM018,cell1,1,"stimulusOnsetTime"
session_2024_11_25_1_JM018,cell2,2,"stimulusOnsetTime,choiceStartTime"
session_2024_11_25_1_JM018,cell3,3,"stimulusOnsetTime,choiceStartTime,rewardTime"
session_2024_11_25_1_JM018,cell4,1,"stimulusOnsetTime"
session_2024_11_25_1_JM018,cell5,3,"stimulusOnsetTime,choiceStartTime,rewardTime"
session_2024_11_25_1_JM018,cell6,2,"stimulusOnsetTime,rewardTime"
session_2024_11_25_1_JM018,cell7,2,"stimulusOnsetTime,rewardTime"
session_2024_11_25_1_JM018,cell8,3,"stimulusOnsetTime,choiceStartTime,rewardTime"
session_2024_11_25_1_JM018,cell9,2,"stimulusOnsetTime,choiceStartTime"
session_2024_11_25_1_JM018,cell10,3,"stimulusOnsetTime,choiceStartTime,rewardTime"
session_2024_11_25_1_JM018,cell11,0,""
session_2024_11_25_1_JM018,cell12,3,"stimulusOnsetTime,choiceStartTime,rewardTime"
session_2024_11_25_1_JM018,cell13,3,"stimulusOnsetTime,choiceStartTime,rewardTime"
session_2024_11_25_1_JM018,cell14,3,"stimulusOnsetTime,choiceStartTime,rewardTime"
session_2024_11_25_1_JM018,cell15,0,""
session_2024_11_25_1_JM018,cell16,0,""
session_2024_11_25_1_JM018,cell17,3,"stimulusOnsetTime,choiceStartTime,rewardTime"
session_2024_11_25_1_JM018,cell18,2,"stimulusOnsetTime,choiceStartTime"
session_2024_11_25_1_JM018,cell19,1,"stimulusOnsetTime"
session_2024_11_25_1_JM018,cell20,3,"stimulusOnsetTime,choiceStartTime,rewardTime"
session_2024_11_25_1_JM018,cell21,3,"stimulusOnsetTime,choiceStartTime,rewardTime"
session_2024_11_25_1_JM018,cell22,3,"stimulusOnsetTime,choiceStartTime,rewardTime"
session_2024_11_26_1_JM018,cell0,3,"stimulusOnsetTime,choiceStartTime,rewardTime"
session_2024_11_26_1_JM018,cell1,0,""
session_2024_11_26_1_JM018,cell2,0,""
session_2024_11_26_1_JM018,cell3,0,""
session_2024_11_26_1_JM018,cell4,0,""
session_2024_11_26_1_JM018,cell5,0,""
session_2024_11_26_1_JM018,cell6,0,""
session_2024_11_26_1_JM018,cell7,3,"stimulusOnsetTime,choiceStartTime,rewardTime"
session_2024_11_26_1_JM018,cell8,3,"stimulusOnsetTime,choiceStartTime,rewardTime"
session_2024_11_26_1_JM018,cell9,0,""
session_2024_11_26_1_JM018,cell10,0,""
session_2024_11_26_1_JM018,cell11,0,""
session_2024_11_26_1_JM018,cell12,0,""
session_2024_11_26_1_JM018,cell13,0,""
session_2024_11_26_1_JM018,cell14,0,""
session_2024_11_26_1_JM018,cell15,0,""
session_2024_11_26_1_JM018,cell16,0,""
session_2024_11_26_1_JM018,cell17,0,""
session_2024_11_26_1_JM018,cell18,1,"choiceStartTime"
session_2024_11_26_1_JM018,cell19,2,"stimulusOnsetTime,choiceStartTime"
session_2024_11_26_1_JM018,cell20,2,"stimulusOnsetTime,choiceStartTime"
session_2024_11_26_1_JM018,cell21,0,""
session_2024_11_26_1_JM018,cell22,0,""
session_2024_11_27_1_JM018,cell0,3,"stimulusOnsetTime,choiceStartTime,rewardTime"
session_2024_11_27_1_JM018,cell1,0,""
session_2024_11_27_1_JM018,cell2,0,""
session_2024_11_27_1_JM018,cell3,1,"choiceStartTime"
session_2024_11_27_1_JM018,cell4,1,"stimulusOnsetTime"
session_2024_11_27_1_JM018,cell5,1,"stimulusOnsetTime"
session_2024_11_27_1_JM018,cell6,0,""
session_2024_11_27_1_JM018,cell7,2,"stimulusOnsetTime,rewardTime"
session_2024_11_27_1_JM018,cell8,2,"stimulusOnsetTime,rewardTime"
session_2024_11_27_1_JM018,cell9,0,""
session_2024_11_27_1_JM018,cell10,1,"choiceStartTime"
session_2024_11_27_1_JM018,cell11,0,""
session_2024_11_27_1_JM018,cell12,0,""
session_2024_11_27_1_JM018,cell13,0,""
session_2024_11_27_1_JM018,cell14,2,"stimulusOnsetTime,rewardTime"
session_2024_11_27_1_JM018,cell15,0,""
session_2024_11_27_1_JM018,cell16,1,"rewardTime"
session_2024_11_27_1_JM018,cell17,1,"stimulusOnsetTime"
session_2024_11_27_1_JM018,cell18,1,"choiceStartTime"
session_2024_11_27_1_JM018,cell19,1,"rewardTime"
session_2024_11_27_1_JM018,cell20,2,"choiceStartTime,rewardTime"
session_2024_11_27_1_JM018,cell21,2,"choiceStartTime,rewardTime"
session_2024_11_27_1_JM018,cell22,1,"rewardTime"
session_2024_11_27_1_JM018,cell23,1,"rewardTime"
session_2024_11_27_1_JM018,cell24,1,"rewardTime"
session_2024_11_27_1_JM018,cell25,1,"stimulusOnsetTime"
session_2024_11_27_1_JM018,cell26,1,"rewardTime"
session_2024_11_27_1_JM018,cell27,2,"stimulusOnsetTime,rewardTime"
session_2024_11_27_1_JM018,cell28,1,"rewardTime"
session_2024_11_28_1_JM018,cell0,3,"stimulusOnsetTime,choiceStartTime,rewardTime"
session_2024_11_28_1_JM018,cell1,1,"stimulusOnsetTime"
session_2024_11_28_1_JM018,cell2,2,"choiceStartTime,rewardTime"
session_2024_11_28_1_JM018,cell3,2,"stimulusOnsetTime,choiceStartTime"
session_2024_11_28_1_JM018,cell4,1,"stimulusOnsetTime"
session_2024_11_28_1_JM018,cell5,2,"stimulusOnsetTime,choiceStartTime"
session_2024_11_28_1_JM018,cell6,3,"stimulusOnsetTime,choiceStartTime,rewardTime"
session_2024_11_28_1_JM018,cell7,2,"choiceStartTime,rewardTime"
session_2024_11_28_1_JM018,cell8,1,"stimulusOnsetTime"
session_2024_11_28_1_JM018,cell9,2,"stimulusOnsetTime,rewardTime"
session_2024_11_28_1_JM018,cell10,1,"rewardTime"
session_2024_11_28_1_JM018,cell11,3,"stimulusOnsetTime,choiceStartTime,rewardTime"
session_2024_11_28_1_JM018,cell12,3,"stimulusOnsetTime,choiceStartTime,rewardTime"
session_2024_11_28_1_JM018,cell13,1,"choiceStartTime"
session_2024_11_28_1_JM018,cell14,2,"stimulusOnsetTime,choiceStartTime"
session_2024_11_28_1_JM018,cell15,0,""
session_2024_11_28_1_JM018,cell16,3,"stimulusOnsetTime,choiceStartTime,rewardTime"
session_2024_11_28_1_JM018,cell17,2,"stimulusOnsetTime,choiceStartTime"
session_2024_11_28_1_JM018,cell18,3,"stimulusOnsetTime,choiceStartTime,rewardTime"
session_2024_11_28_1_JM018,cell19,2,"stimulusOnsetTime,choiceStartTime"
session_2024_11_28_1_JM018,cell20,3,"stimulusOnsetTime,choiceStartTime,rewardTime"
session_2024_11_28_1_JM018,cell21,3,"stimulusOnsetTime,choiceStartTime,rewardTime"
session_2024_11_28_1_JM018,cell22,3,"stimulusOnsetTime,choiceStartTime,rewardTime"
session_2024_11_28_1_JM018,cell23,3,"stimulusOnsetTime,choiceStartTime,rewardTime"
session_2024_11_28_1_JM018,cell24,0,""
session_2024_11_28_1_JM018,cell25,1,"stimulusOnsetTime"
session_2024_11_28_1_JM018,cell26,3,"stimulusOnsetTime,choiceStartTime,rewardTime"
session_2024_11_28_1_JM018,cell27,0,""
session_2024_11_28_1_JM018,cell28,3,"stimulusOnsetTime,choiceStartTime,rewardTime"
session_2024_11_28_1_JM018,cell29,3,"stimulusOnsetTime,choiceStartTime,rewardTime"
session_2024_11_28_1_JM018,cell30,2,"choiceStartTime,rewardTime"
session_2024_11_28_1_JM018,cell31,1,"choiceStartTime"
session_2024_11_28_1_JM018,cell32,2,"stimulusOnsetTime,choiceStartTime"
session_2024_11_28_1_JM018,cell33,3,"stimulusOnsetTime,choiceStartTime,rewardTime"
session_2024_11_28_1_JM018,cell34,1,"stimulusOnsetTime"
session_2024_11_29_1_JM018,cell0,3,"stimulusOnsetTime,choiceStartTime,rewardTime"
session_2024_11_29_1_JM018,cell1,0,""
session_2024_11_29_1_JM018,cell2,0,""
session_2024_11_29_1_JM018,cell3,0,""
session_2024_11_29_1_JM018,cell4,0,""
session_2024_11_29_1_JM018,cell5,0,""
session_2024_11_29_1_JM018,cell6,0,""
session_2024_11_29_1_JM018,cell7,0,""
session_2024_11_29_1_JM018,cell8,0,""
session_2024_11_29_1_JM018,cell9,1,"choiceStartTime"
session_2024_11_29_1_JM018,cell10,0,""
session_2024_11_29_1_JM018,cell11,1,"rewardTime"
session_2024_11_29_1_JM018,cell12,0,""
session_2024_11_29_1_JM018,cell13,0,""
session_2024_11_29_1_JM018,cell14,0,""
session_2024_11_29_1_JM018,cell15,1,"rewardTime"
session_2024_11_29_1_JM018,cell16,3,"stimulusOnsetTime,choiceStartTime,rewardTime"
session_2024_11_29_1_JM018,cell17,0,""
session_2024_11_29_1_JM018,cell18,0,""
session_2024_11_29_1_JM018,cell19,3,"stimulusOnsetTime,choiceStartTime,rewardTime"
session_2024_11_29_1_JM018,cell20,0,""
session_2024_11_29_1_JM018,cell21,0,""
session_2024_11_29_1_JM018,cell22,2,"choiceStartTime,rewardTime"
session_2024_11_29_1_JM018,cell23,2,"choiceStartTime,rewardTime"
session_2024_11_29_1_JM018,cell24,2,"stimulusOnsetTime,choiceStartTime"
session_2024_11_29_1_JM018,cell25,0,""
session_2024_11_29_1_JM018,cell26,1,"choiceStartTime"
session_2024_11_29_1_JM018,cell27,1,"stimulusOnsetTime"
session_2024_11_29_1_JM018,cell28,3,"stimulusOnsetTime,choiceStartTime,rewardTime"
session_2024_11_29_1_JM018,cell29,0,""
session_2024_11_29_1_JM018,cell30,3,"stimulusOnsetTime,choiceStartTime,rewardTime"
session_2024_11_29_1_JM018,cell31,2,"choiceStartTime,rewardTime"
session_2024_11_29_1_JM018,cell32,1,"rewardTime"
session_2024_11_29_1_JM018,cell33,1,"stimulusOnsetTime"
session_2024_11_29_1_JM018,cell34,3,"stimulusOnsetTime,choiceStartTime,rewardTime"
session_2024_11_29_1_JM018,cell35,3,"stimulusOnsetTime,choiceStartTime,rewardTime"
session_2024_12_01_1_JM018,cell0,3,"stimulusOnsetTime,choiceStartTime,rewardTime"
session_2024_12_01_1_JM018,cell1,1,"rewardTime"
session_2024_12_01_1_JM018,cell2,2,"choiceStartTime,rewardTime"
session_2024_12_01_1_JM018,cell3,0,""
session_2024_12_01_1_JM018,cell4,2,"choiceStartTime,rewardTime"
session_2024_12_01_1_JM018,cell5,0,""
session_2024_12_01_1_JM018,cell6,1,"choiceStartTime"
session_2024_12_01_1_JM018,cell7,2,"choiceStartTime,rewardTime"
session_2024_12_01_1_JM018,cell8,2,"stimulusOnsetTime,rewardTime"
session_2024_12_01_1_JM018,cell9,1,"choiceStartTime"
session_2024_12_01_1_JM018,cell10,2,"choiceStartTime,rewardTime"
session_2024_12_01_1_JM018,cell11,3,"stimulusOnsetTime,choiceStartTime,rewardTime"
session_2024_12_01_1_JM018,cell12,0,""
session_2024_12_01_1_JM018,cell13,2,"stimulusOnsetTime,rewardTime"
session_2024_12_01_1_JM018,cell14,2,"choiceStartTime,rewardTime"
session_2024_12_01_1_JM018,cell15,2,"choiceStartTime,rewardTime"
session_2024_12_01_1_JM018,cell16,2,"choiceStartTime,rewardTime"
session_2024_12_01_1_JM018,cell17,2,"choiceStartTime,rewardTime"
session_2024_12_01_1_JM018,cell18,3,"stimulusOnsetTime,choiceStartTime,rewardTime"
session_2024_12_01_1_JM018,cell19,1,"rewardTime"
session_2024_12_01_1_JM018,cell20,2,"choiceStartTime,rewardTime"
session_2024_12_01_1_JM018,cell21,3,"stimulusOnsetTime,choiceStartTime,rewardTime"
session_2024_12_01_1_JM018,cell22,3,"stimulusOnsetTime,choiceStartTime,rewardTime"
session_2024_12_01_1_JM018,cell23,2,"stimulusOnsetTime,choiceStartTime"
session_2024_12_01_1_JM018,cell24,1,"stimulusOnsetTime"
session_2024_12_01_1_JM018,cell25,1,"stimulusOnsetTime"
session_2024_12_01_1_JM018,cell26,1,"choiceStartTime"
session_2024_12_01_1_JM018,cell27,3,"stimulusOnsetTime,choiceStartTime,rewardTime"
session_2024_12_01_1_JM018,cell28,0,""
session_2024_12_01_1_JM018,cell29,2,"choiceStartTime,rewardTime"
session_2024_12_01_1_JM018,cell30,2,"choiceStartTime,rewardTime"
session_2024_12_03_1_JM018,cell0,3,"stimulusOnsetTime,choiceStartTime,rewardTime"
session_2024_12_03_1_JM018,cell1,0,""
session_2024_12_03_1_JM018,cell2,1,"stimulusOnsetTime"
session_2024_12_03_1_JM018,cell3,0,""
session_2024_12_03_1_JM018,cell4,2,"stimulusOnsetTime,rewardTime"
session_2024_12_03_1_JM018,cell5,3,"stimulusOnsetTime,choiceStartTime,rewardTime"
session_2024_12_03_1_JM018,cell6,3,"stimulusOnsetTime,choiceStartTime,rewardTime"
session_2024_12_03_1_JM018,cell7,3,"stimulusOnsetTime,choiceStartTime,rewardTime"
session_2024_12_03_1_JM018,cell8,0,""
session_2024_12_03_1_JM018,cell9,0,""
session_2024_12_03_1_JM018,cell10,0,""
session_2024_12_03_1_JM018,cell11,0,""
session_2024_12_03_1_JM018,cell12,1,"stimulusOnsetTime"
session_2024_12_03_1_JM018,cell13,3,"stimulusOnsetTime,choiceStartTime,rewardTime"
session_2024_12_03_1_JM018,cell14,1,"stimulusOnsetTime"
session_2024_12_03_1_JM018,cell15,2,"stimulusOnsetTime,choiceStartTime"
session_2024_12_03_1_JM018,cell16,2,"stimulusOnsetTime,choiceStartTime"
session_2024_12_03_1_JM018,cell17,1,"stimulusOnsetTime"
session_2024_12_03_1_JM018,cell18,1,"stimulusOnsetTime"
session_2024_12_03_1_JM018,cell19,0,""
session_2024_12_04_1_JM018,cell0,3,"stimulusOnsetTime,choiceStartTime,rewardTime"
session_2024_12_04_1_JM018,cell1,3,"stimulusOnsetTime,choiceStartTime,rewardTime"
session_2024_12_04_1_JM018,cell2,0,""
session_2024_12_04_1_JM018,cell3,1,"stimulusOnsetTime"
session_2024_12_04_1_JM018,cell4,1,"stimulusOnsetTime"
session_2024_12_04_1_JM018,cell5,1,"stimulusOnsetTime"
session_2024_12_04_1_JM018,cell6,1,"stimulusOnsetTime"
session_2024_12_04_1_JM018,cell7,0,""
session_2024_12_04_1_JM018,cell8,0,""
session_2024_12_04_1_JM018,cell9,2,"stimulusOnsetTime,choiceStartTime"
session_2024_12_04_1_JM018,cell10,1,"stimulusOnsetTime"
session_2024_12_04_1_JM018,cell11,3,"stimulusOnsetTime,choiceStartTime,rewardTime"
session_2024_12_04_1_JM018,cell12,2,"stimulusOnsetTime,choiceStartTime"
session_2024_12_04_1_JM018,cell13,0,""
session_2024_12_04_1_JM018,cell14,1,"stimulusOnsetTime"
session_2024_12_04_1_JM018,cell15,0,""
session_2024_12_04_1_JM018,cell16,1,"stimulusOnsetTime"
session_2024_12_04_1_JM018,cell17,1,"stimulusOnsetTime"
session_2024_12_04_1_JM018,cell18,1,"rewardTime"
session_2024_12_04_1_JM018,cell19,1,"stimulusOnsetTime"
session_2024_12_04_1_JM018,cell20,1,"stimulusOnsetTime"
session_2024_12_04_1_JM018,cell21,0,""
session_2024_12_04_1_JM018,cell22,1,"stimulusOnsetTime"
session_2024_12_04_1_JM018,cell23,1,"stimulusOnsetTime"
session_2024_12_04_1_JM018,cell24,0,""
session_2024_12_04_1_JM018,cell25,3,"stimulusOnsetTime,choiceStartTime,rewardTime"
session_2024_12_04_1_JM018,cell26,2,"stimulusOnsetTime,choiceStartTime"
session_2024_12_04_1_JM018,cell27,2,"stimulusOnsetTime,rewardTime"
session_2024_12_04_1_JM018,cell28,1,"stimulusOnsetTime"
session_2024_12_04_1_JM018,cell29,1,"stimulusOnsetTime"
session_2024_12_04_1_JM018,cell30,1,"stimulusOnsetTime"
session_2024_12_04_1_JM018,cell31,0,""
session_2024_12_04_1_JM018,cell32,3,"stimulusOnsetTime,choiceStartTime,rewardTime"
session_2024_12_05_1_JM018,cell0,3,"stimulusOnsetTime,choiceStartTime,rewardTime"
session_2024_12_05_1_JM018,cell1,1,"stimulusOnsetTime"
session_2024_12_05_1_JM018,cell2,2,"stimulusOnsetTime,rewardTime"
session_2024_12_05_1_JM018,cell3,2,"stimulusOnsetTime,rewardTime"
session_2024_12_05_1_JM018,cell4,1,"stimulusOnsetTime"
session_2024_12_05_1_JM018,cell5,2,"stimulusOnsetTime,rewardTime"
session_2024_12_05_1_JM018,cell6,2,"stimulusOnsetTime,choiceStartTime"
session_2024_12_05_1_JM018,cell7,2,"stimulusOnsetTime,choiceStartTime"
session_2024_12_05_1_JM018,cell8,3,"stimulusOnsetTime,choiceStartTime,rewardTime"
session_2024_12_05_1_JM018,cell9,1,"stimulusOnsetTime"
session_2024_12_05_1_JM018,cell10,2,"stimulusOnsetTime,choiceStartTime"
session_2024_12_05_1_JM018,cell11,3,"stimulusOnsetTime,choiceStartTime,rewardTime"
session_2024_12_05_1_JM018,cell12,1,"stimulusOnsetTime"
session_2024_12_05_1_JM018,cell13,2,"stimulusOnsetTime,choiceStartTime"
session_2024_12_05_1_JM018,cell14,2,"stimulusOnsetTime,rewardTime"
session_2024_12_05_1_JM018,cell15,3,"stimulusOnsetTime,choiceStartTime,rewardTime"
session_2024_12_05_1_JM018,cell16,2,"stimulusOnsetTime,choiceStartTime"
session_2024_12_05_1_JM018,cell17,2,"stimulusOnsetTime,choiceStartTime"
session_2024_12_05_1_JM018,cell18,2,"stimulusOnsetTime,choiceStartTime"
session_2024_12_05_1_JM018,cell19,2,"stimulusOnsetTime,choiceStartTime"
session_2024_12_05_1_JM018,cell20,1,"stimulusOnsetTime"
session_2024_12_05_1_JM018,cell21,1,"stimulusOnsetTime"
session_2024_12_05_1_JM018,cell22,2,"stimulusOnsetTime,choiceStartTime"
session_2024_12_05_1_JM018,cell23,1,"stimulusOnsetTime"
session_2024_12_05_1_JM018,cell24,3,"stimulusOnsetTime,choiceStartTime,rewardTime"
session_2024_12_05_1_JM018,cell25,2,"stimulusOnsetTime,choiceStartTime"
session_2024_12_05_1_JM018,cell26,1,"stimulusOnsetTime"
session_2024_12_05_1_JM018,cell27,3,"stimulusOnsetTime,choiceStartTime,rewardTime"
session_2024_12_05_1_JM018,cell28,1,"stimulusOnsetTime"
session_2024_12_06_1_JM018,cell0,3,"stimulusOnsetTime,choiceStartTime,rewardTime"
session_2024_12_06_1_JM018,cell1,0,""
session_2024_12_06_1_JM018,cell2,0,""
session_2024_12_06_1_JM018,cell3,0,""
session_2024_12_06_1_JM018,cell4,0,""
session_2024_12_06_1_JM018,cell5,2,"stimulusOnsetTime,rewardTime"
session_2024_12_06_1_JM018,cell6,2,"choiceStartTime,rewardTime"
session_2024_12_06_1_JM018,cell7,0,""
session_2024_12_06_1_JM018,cell8,1,"rewardTime"
session_2024_12_06_1_JM018,cell9,2,"stimulusOnsetTime,choiceStartTime"
session_2024_12_06_1_JM018,cell10,3,"stimulusOnsetTime,choiceStartTime,rewardTime"
session_2024_12_06_1_JM018,cell11,0,""
session_2024_12_06_1_JM018,cell12,1,"stimulusOnsetTime"
session_2024_12_06_1_JM018,cell13,0,""
session_2024_12_06_1_JM018,cell14,1,"stimulusOnsetTime"
session_2024_12_06_1_JM018,cell15,0,""
session_2024_12_06_1_JM018,cell16,0,""
session_2024_12_06_1_JM018,cell17,1,"stimulusOnsetTime"
session_2024_12_06_1_JM018,cell18,1,"choiceStartTime"
session_2024_12_06_1_JM018,cell19,1,"stimulusOnsetTime"
session_2024_12_06_1_JM018,cell20,1,"choiceStartTime"
session_2024_12_06_1_JM018,cell21,2,"stimulusOnsetTime,choiceStartTime"
session_2024_12_06_1_JM018,cell22,1,"rewardTime"
session_2024_12_06_1_JM018,cell23,3,"stimulusOnsetTime,choiceStartTime,rewardTime"
session_2024_12_06_1_JM018,cell24,0,""
session_2024_12_06_1_JM018,cell25,0,""
session_2024_12_06_1_JM018,cell26,0,""
session_2024_12_06_1_JM018,cell27,2,"stimulusOnsetTime,choiceStartTime"
session_2024_12_06_1_JM018,cell28,2,"stimulusOnsetTime,choiceStartTime"
session_2024_12_06_1_JM018,cell29,0,""
session_2024_12_06_1_JM018,cell30,0,""
session_2024_12_09_2_JM018,cell0,3,"stimulusOnsetTime,choiceStartTime,rewardTime"
session_2024_12_09_2_JM018,cell1,0,""
session_2024_12_09_2_JM018,cell2,1,"stimulusOnsetTime"
session_2024_12_09_2_JM018,cell3,1,"choiceStartTime"
session_2024_12_09_2_JM018,cell4,2,"stimulusOnsetTime,choiceStartTime"
session_2024_12_09_2_JM018,cell5,1,"stimulusOnsetTime"
session_2024_12_09_2_JM018,cell6,2,"stimulusOnsetTime,choiceStartTime"
session_2024_12_09_2_JM018,cell7,1,"rewardTime"
session_2024_12_09_2_JM018,cell8,2,"stimulusOnsetTime,rewardTime"
session_2024_12_09_2_JM018,cell9,0,""
session_2024_12_09_2_JM018,cell10,2,"stimulusOnsetTime,choiceStartTime"
session_2024_12_09_2_JM018,cell11,0,""
session_2024_12_09_2_JM018,cell12,0,""
session_2024_12_09_2_JM018,cell13,0,""
session_2024_12_09_2_JM018,cell14,2,"choiceStartTime,rewardTime"
session_2024_12_09_2_JM018,cell15,1,"stimulusOnsetTime"
session_2024_12_09_2_JM018,cell16,2,"choiceStartTime,rewardTime"
session_2024_12_09_2_JM018,cell17,3,"stimulusOnsetTime,choiceStartTime,rewardTime"
session_2024_12_09_2_JM018,cell18,2,"choiceStartTime,rewardTime"
session_2024_12_09_2_JM018,cell19,1,"rewardTime"
session_2024_12_10_1_JM018,cell0,3,"stimulusOnsetTime,choiceStartTime,rewardTime"
session_2024_12_10_1_JM018,cell1,0,""
session_2024_12_10_1_JM018,cell2,0,""
session_2024_12_10_1_JM018,cell3,0,""
session_2024_12_10_1_JM018,cell4,0,""
session_2024_12_10_1_JM018,cell5,0,""
session_2024_12_10_1_JM018,cell6,0,""
session_2024_12_10_1_JM018,cell7,2,"stimulusOnsetTime,choiceStartTime"
session_2024_12_10_1_JM018,cell8,1,"choiceStartTime"
session_2024_12_10_1_JM018,cell9,1,"stimulusOnsetTime"
session_2024_12_10_1_JM018,cell10,2,"stimulusOnsetTime,choiceStartTime"
session_2024_12_10_1_JM018,cell11,0,""
session_2024_12_10_1_JM018,cell12,0,""
session_2024_12_10_1_JM018,cell13,0,""
session_2024_12_10_1_JM018,cell14,0,""
session_2024_12_10_1_JM018,cell15,1,"stimulusOnsetTime"
session_2024_12_10_1_JM018,cell16,0,""
session_2024_12_10_1_JM018,cell17,0,""
session_2024_12_10_1_JM018,cell18,1,"stimulusOnsetTime"
session_2024_12_10_1_JM018,cell19,0,""
session_2024_12_10_1_JM018,cell20,0,""
session_2024_12_10_1_JM018,cell21,0,""
session_2024_12_10_1_JM018,cell22,1,"stimulusOnsetTime"
session_2024_12_10_1_JM018,cell23,0,""
session_2024_12_10_1_JM018,cell24,1,"stimulusOnsetTime"
session_2024_12_10_1_JM018,cell25,0,""
session_2024_12_10_1_JM018,cell26,0,""
session_2024_12_10_1_JM018,cell27,0,""
session_2024_12_10_1_JM018,cell28,0,""
session_2024_12_10_1_JM018,cell29,0,""
session_2024_12_10_1_JM018,cell30,0,""
session_2024_12_10_1_JM018,cell31,0,""
session_2024_12_10_1_JM018,cell32,1,"stimulusOnsetTime"
session_2024_12_10_1_JM018,cell33,0,""
session_2024_12_10_1_JM018,cell34,1,"stimulusOnsetTime"
session_2024_12_10_1_JM018,cell35,0,""
session_2024_12_11_1_JM018,cell0,3,"stimulusOnsetTime,choiceStartTime,rewardTime"
session_2024_12_11_1_JM018,cell1,0,""
session_2024_12_11_1_JM018,cell2,0,""
session_2024_12_11_1_JM018,cell3,0,""
session_2024_12_11_1_JM018,cell4,0,""
session_2024_12_11_1_JM018,cell5,0,""
session_2024_12_11_1_JM018,cell6,1,"rewardTime"
session_2024_12_11_1_JM018,cell7,1,"choiceStartTime"
session_2024_12_11_1_JM018,cell8,2,"choiceStartTime,rewardTime"
session_2024_12_11_1_JM018,cell9,0,""
session_2024_12_11_1_JM018,cell10,1,"rewardTime"
session_2024_12_11_1_JM018,cell11,0,""
session_2024_12_11_1_JM018,cell12,0,""
session_2024_12_11_1_JM018,cell13,0,""
session_2024_12_11_1_JM018,cell14,0,""
session_2024_12_11_1_JM018,cell15,0,""
session_2024_12_11_1_JM018,cell16,1,"stimulusOnsetTime"
session_2024_12_11_1_JM018,cell17,2,"stimulusOnsetTime,choiceStartTime"
session_2024_12_11_1_JM018,cell18,0,""
session_2024_12_11_1_JM018,cell19,0,""
session_2024_12_11_1_JM018,cell20,0,""
session_2024_12_11_1_JM018,cell21,0,""
session_2024_12_11_1_JM018,cell22,1,"stimulusOnsetTime"
session_2024_12_11_1_JM018,cell23,3,"stimulusOnsetTime,choiceStartTime,rewardTime"
session_2024_12_11_1_JM018,cell24,0,""
session_2024_12_11_1_JM018,cell25,1,"stimulusOnsetTime"
session_2024_12_11_1_JM018,cell26,0,""
session_2024_12_12_1_JM018,cell0,3,"stimulusOnsetTime,choiceStartTime,rewardTime"
session_2024_12_12_1_JM018,cell1,1,"stimulusOnsetTime"
session_2024_12_12_1_JM018,cell2,1,"stimulusOnsetTime"
session_2024_12_12_1_JM018,cell3,2,"choiceStartTime,rewardTime"
session_2024_12_12_1_JM018,cell4,2,"stimulusOnsetTime,choiceStartTime"
session_2024_12_12_1_JM018,cell5,1,"rewardTime"
session_2024_12_12_1_JM018,cell6,1,"stimulusOnsetTime"
session_2024_12_12_1_JM018,cell7,1,"stimulusOnsetTime"
session_2024_12_12_1_JM018,cell8,3,"stimulusOnsetTime,choiceStartTime,rewardTime"
session_2024_12_12_1_JM018,cell9,1,"stimulusOnsetTime"
session_2024_12_12_1_JM018,cell10,0,""
session_2024_12_12_1_JM018,cell11,0,""
session_2024_12_12_1_JM018,cell12,1,"stimulusOnsetTime"
session_2024_12_12_1_JM018,cell13,2,"stimulusOnsetTime,choiceStartTime"
session_2024_12_12_1_JM018,cell14,3,"stimulusOnsetTime,choiceStartTime,rewardTime"
session_2024_12_12_1_JM018,cell15,2,"stimulusOnsetTime,rewardTime"
session_2024_12_12_1_JM018,cell16,1,"stimulusOnsetTime"
session_2024_12_12_1_JM018,cell17,1,"stimulusOnsetTime"
session_2024_12_12_1_JM018,cell18,2,"choiceStartTime,rewardTime"
session_2024_12_12_1_JM018,cell19,2,"choiceStartTime,rewardTime"
session_2024_12_12_1_JM018,cell20,1,"stimulusOnsetTime"
session_2024_12_12_1_JM018,cell21,0,""
session_2024_12_12_1_JM018,cell22,2,"choiceStartTime,rewardTime"
session_2024_12_12_1_JM018,cell23,1,"stimulusOnsetTime"
session_2024_12_13_2_JM018,cell0,3,"stimulusOnsetTime,choiceStartTime,rewardTime"
session_2024_12_13_2_JM018,cell1,0,""
session_2024_12_13_2_JM018,cell2,0,""
session_2024_12_13_2_JM018,cell3,0,""
session_2024_12_13_2_JM018,cell4,2,"stimulusOnsetTime,choiceStartTime"
session_2024_12_13_2_JM018,cell5,2,"choiceStartTime,rewardTime"
session_2024_12_13_2_JM018,cell6,2,"stimulusOnsetTime,choiceStartTime"
session_2024_12_13_2_JM018,cell7,0,""
session_2024_12_13_2_JM018,cell8,3,"stimulusOnsetTime,choiceStartTime,rewardTime"
session_2024_12_13_2_JM018,cell9,0,""
session_2024_12_13_2_JM018,cell10,3,"stimulusOnsetTime,choiceStartTime,rewardTime"
session_2024_12_13_2_JM018,cell11,0,""
session_2024_12_13_2_JM018,cell12,0,""
session_2024_12_13_2_JM018,cell13,3,"stimulusOnsetTime,choiceStartTime,rewardTime"
session_2024_12_13_2_JM018,cell14,1,"rewardTime"
session_2024_12_13_2_JM018,cell15,0,""
session_2024_12_13_2_JM018,cell16,3,"stimulusOnsetTime,choiceStartTime,rewardTime"
session_2024_12_13_2_JM018,cell17,2,"choiceStartTime,rewardTime"
session_2024_12_13_2_JM018,cell18,3,"stimulusOnsetTime,choiceStartTime,rewardTime"
session_2024_12_13_2_JM018,cell19,2,"stimulusOnsetTime,choiceStartTime"
session_2024_12_13_2_JM018,cell20,0,""
session_2024_12_13_2_JM018,cell21,1,"stimulusOnsetTime"
session_2024_12_13_2_JM018,cell22,1,"stimulusOnsetTime"
session_2024_12_13_2_JM018,cell23,0,""
session_2024_12_13_2_JM018,cell24,0,""
session_2024_12_13_2_JM018,cell25,0,""
session_2024_12_13_2_JM018,cell26,0,""
session_2024_12_13_2_JM018,cell27,0,""
session_2024_12_13_2_JM018,cell28,1,"stimulusOnsetTime"
session_2024_12_13_2_JM018,cell29,3,"stimulusOnsetTime,choiceStartTime,rewardTime"
session_2024_12_15_1_JM018,cell0,3,"stimulusOnsetTime,choiceStartTime,rewardTime"
session_2024_12_15_1_JM018,cell1,0,""
session_2024_12_15_1_JM018,cell2,2,"stimulusOnsetTime,choiceStartTime"
session_2024_12_15_1_JM018,cell3,0,""
session_2024_12_15_1_JM018,cell4,2,"choiceStartTime,rewardTime"
session_2024_12_15_1_JM018,cell5,3,"stimulusOnsetTime,choiceStartTime,rewardTime"
session_2024_12_15_1_JM018,cell6,2,"choiceStartTime,rewardTime"
session_2024_12_15_1_JM018,cell7,3,"stimulusOnsetTime,choiceStartTime,rewardTime"
session_2024_12_15_1_JM018,cell8,3,"stimulusOnsetTime,choiceStartTime,rewardTime"
session_2024_12_15_1_JM018,cell9,3,"stimulusOnsetTime,choiceStartTime,rewardTime"
session_2024_12_15_1_JM018,cell10,2,"choiceStartTime,rewardTime"
session_2024_12_15_1_JM018,cell11,2,"choiceStartTime,rewardTime"
session_2024_12_15_1_JM018,cell12,0,""
session_2024_12_15_1_JM018,cell13,1,"choiceStartTime"
session_2024_12_15_1_JM018,cell14,0,""
session_2024_12_15_1_JM018,cell15,1,"choiceStartTime"
session_2024_12_15_1_JM018,cell16,2,"choiceStartTime,rewardTime"
session_2024_12_15_1_JM018,cell17,1,"rewardTime"
session_2024_12_15_1_JM018,cell18,2,"choiceStartTime,rewardTime"
session_2024_12_15_1_JM018,cell19,2,"choiceStartTime,rewardTime"
session_2024_12_15_1_JM018,cell20,0,""
session_2024_12_15_1_JM018,cell21,2,"choiceStartTime,rewardTime"
session_2024_12_15_1_JM018,cell22,3,"stimulusOnsetTime,choiceStartTime,rewardTime"
session_2024_12_15_1_JM018,cell23,0,""
session_2024_12_15_1_JM018,cell24,2,"choiceStartTime,rewardTime"
session_2024_12_15_1_JM018,cell25,0,""
session_2024_12_15_1_JM018,cell26,0,""
session_2024_12_15_1_JM018,cell27,3,"stimulusOnsetTime,choiceStartTime,rewardTime"
session_2024_12_15_1_JM018,cell28,0,""
session_2024_12_16_1_JM018,cell0,3,"stimulusOnsetTime,choiceStartTime,rewardTime"
session_2024_12_16_1_JM018,cell1,0,""
session_2024_12_16_1_JM018,cell2,0,""
session_2024_12_16_1_JM018,cell3,0,""
session_2024_12_16_1_JM018,cell4,0,""
session_2024_12_16_1_JM018,cell5,2,"stimulusOnsetTime,choiceStartTime"
session_2024_12_16_1_JM018,cell6,0,""
session_2024_12_16_1_JM018,cell7,0,""
session_2024_12_16_1_JM018,cell8,1,"stimulusOnsetTime"
session_2024_12_16_1_JM018,cell9,0,""
session_2024_12_16_1_JM018,cell10,1,"stimulusOnsetTime"
session_2024_12_16_1_JM018,cell11,1,"stimulusOnsetTime"
session_2024_12_16_1_JM018,cell12,1,"stimulusOnsetTime"
session_2024_12_16_1_JM018,cell13,1,"stimulusOnsetTime"
session_2024_12_16_1_JM018,cell14,0,""
session_2024_12_16_1_JM018,cell15,1,"rewardTime"
session_2024_12_16_1_JM018,cell16,0,""
session_2024_12_16_1_JM018,cell17,1,"stimulusOnsetTime"
session_2024_12_16_1_JM018,cell18,1,"choiceStartTime"
session_2024_12_16_1_JM018,cell19,0,""
session_2024_12_16_1_JM018,cell20,0,""
session_2024_12_16_1_JM018,cell21,0,""
session_2024_12_16_1_JM018,cell22,2,"stimulusOnsetTime,choiceStartTime"
session_2024_12_16_1_JM018,cell23,1,"stimulusOnsetTime"
session_2024_12_16_1_JM018,cell24,2,"stimulusOnsetTime,rewardTime"
session_2024_12_16_1_JM018,cell25,2,"stimulusOnsetTime,rewardTime"
session_2024_12_16_1_JM018,cell26,0,""
session_2024_12_16_1_JM018,cell27,1,"choiceStartTime"
session_2024_12_16_1_JM018,cell28,1,"stimulusOnsetTime"
session_2024_12_16_1_JM018,cell29,0,""
session_2024_12_16_1_JM018,cell30,0,""
session_2024_12_16_1_JM018,cell31,0,""
session_2024_12_16_1_JM018,cell32,0,""
session_2024_12_16_1_JM018,cell33,0,""
session_2024_12_16_1_JM018,cell34,1,"stimulusOnsetTime"
session_2024_12_16_1_JM018,cell35,1,"stimulusOnsetTime"
session_2024_12_16_1_JM018,cell36,1,"stimulusOnsetTime"
session_2025_04_16_1_JM022,cell0,3,"stimulusOnsetTime,choiceStartTime,rewardTime"
session_2025_04_16_1_JM022,cell1,0,""
session_2025_04_16_1_JM022,cell2,0,""
session_2025_04_16_1_JM022,cell3,3,"stimulusOnsetTime,choiceStartTime,rewardTime"
session_2025_04_16_1_JM022,cell4,0,""
session_2025_04_16_1_JM022,cell5,1,"stimulusOnsetTime"
session_2025_04_16_1_JM022,cell6,0,""
session_2025_04_16_1_JM022,cell7,1,"choiceStartTime"
session_2025_04_16_1_JM022,cell8,0,""
session_2025_04_16_1_JM022,cell9,0,""
session_2025_04_16_1_JM022,cell10,0,""
session_2025_04_16_1_JM022,cell11,0,""
session_2025_04_16_1_JM022,cell12,0,""
session_2025_04_18_3_JM022,cell0,3,"stimulusOnsetTime,choiceStartTime,rewardTime"
session_2025_04_18_3_JM022,cell1,0,""
session_2025_04_18_3_JM022,cell2,1,"choiceStartTime"
session_2025_04_18_3_JM022,cell3,0,""
session_2025_04_18_3_JM022,cell4,0,""
session_2025_04_18_3_JM022,cell5,0,""
session_2025_04_18_3_JM022,cell6,1,"stimulusOnsetTime"
session_2025_04_18_3_JM022,cell7,0,""
session_2025_04_18_3_JM022,cell8,0,""
session_2025_04_18_3_JM022,cell9,1,"rewardTime"
session_2025_04_18_3_JM022,cell10,0,""
session_2025_04_21_1_JM022,cell0,3,"stimulusOnsetTime,choiceStartTime,rewardTime"
session_2025_04_21_1_JM022,cell1,0,""
session_2025_04_21_1_JM022,cell2,0,""
session_2025_04_21_1_JM022,cell3,0,""
session_2025_04_21_1_JM022,cell4,0,""
session_2025_04_21_1_JM022,cell5,0,""
session_2025_04_21_1_JM022,cell6,1,"choiceStartTime"
session_2025_04_21_1_JM022,cell7,1,"stimulusOnsetTime"
session_2025_04_21_1_JM022,cell8,0,""
session_2025_04_21_1_JM022,cell9,0,""
session_2025_04_22_1_JM022,cell0,3,"stimulusOnsetTime,choiceStartTime,rewardTime"
session_2025_04_22_1_JM022,cell1,0,""
session_2025_04_22_1_JM022,cell2,0,""
session_2025_04_22_1_JM022,cell3,3,"stimulusOnsetTime,choiceStartTime,rewardTime"
session_2025_04_22_1_JM022,cell4,1,"rewardTime"
session_2025_04_22_1_JM022,cell5,0,""
session_2025_04_22_1_JM022,cell6,1,"stimulusOnsetTime"
session_2025_04_22_1_JM022,cell7,0,""
session_2025_04_22_1_JM022,cell8,0,""
session_2025_04_23_1_JM022,cell0,3,"stimulusOnsetTime,choiceStartTime,rewardTime"
session_2025_04_23_1_JM022,cell1,0,""
session_2025_04_23_1_JM022,cell2,1,"choiceStartTime"
session_2025_04_23_1_JM022,cell3,0,""
session_2025_04_23_1_JM022,cell4,0,""
session_2025_04_23_1_JM022,cell5,0,""
session_2025_04_23_1_JM022,cell6,0,""
session_2025_04_23_1_JM022,cell7,0,""
session_2025_04_23_1_JM022,cell8,0,""
session_2025_04_23_1_JM022,cell9,0,""
session_2025_04_25_1_JM022,cell0,3,"stimulusOnsetTime,choiceStartTime,rewardTime"
session_2025_04_25_1_JM022,cell1,1,"rewardTime"
session_2025_04_25_1_JM022,cell2,0,""
session_2025_04_25_1_JM022,cell3,1,"stimulusOnsetTime"
session_2025_04_25_1_JM022,cell4,1,"stimulusOnsetTime"
session_2025_04_25_1_JM022,cell5,2,"stimulusOnsetTime,choiceStartTime"
session_2025_04_25_1_JM022,cell6,1,"stimulusOnsetTime"
session_2025_04_25_1_JM022,cell7,0,""
session_2025_04_25_1_JM022,cell8,0,""
session_2025_04_25_1_JM022,cell9,1,"stimulusOnsetTime"
session_2025_04_28_1_JM022,cell0,3,"stimulusOnsetTime,choiceStartTime,rewardTime"
session_2025_04_28_1_JM022,cell1,0,""
session_2025_04_28_1_JM022,cell2,0,""
session_2025_04_28_1_JM022,cell3,2,"stimulusOnsetTime,choiceStartTime"
session_2025_04_28_1_JM022,cell4,1,"stimulusOnsetTime"
session_2025_04_30_3_JM022,cell0,3,"stimulusOnsetTime,choiceStartTime,rewardTime"
session_2025_04_30_3_JM022,cell1,1,"stimulusOnsetTime"
session_2025_04_30_3_JM022,cell2,2,"stimulusOnsetTime,choiceStartTime"
session_2025_04_30_3_JM022,cell3,0,""
session_2025_05_01_2_JM022,cell0,3,"stimulusOnsetTime,choiceStartTime,rewardTime"
session_2025_05_01_2_JM022,cell1,3,"stimulusOnsetTime,choiceStartTime,rewardTime"
session_2025_05_01_2_JM022,cell2,2,"choiceStartTime,rewardTime"
session_2025_05_01_2_JM022,cell3,2,"choiceStartTime,rewardTime"
session_2025_05_01_2_JM022,cell4,3,"stimulusOnsetTime,choiceStartTime,rewardTime"
session_2025_05_01_2_JM022,cell5,0,""
session_2025_05_02_1_JM022,cell0,3,"stimulusOnsetTime,choiceStartTime,rewardTime"
session_2025_05_02_1_JM022,cell1,0,""
session_2025_05_02_1_JM022,cell2,0,""
session_2025_05_02_1_JM022,cell3,0,""
session_2025_05_02_1_JM022,cell4,1,"choiceStartTime"
session_2025_05_02_1_JM022,cell5,1,"rewardTime"
session_2025_05_02_1_JM022,cell6,0,""
session_2025_05_02_1_JM022,cell7,0,""
session_2025_05_02_1_JM022,cell8,0,""
session_2025_05_02_1_JM022,cell9,1,"rewardTime"
session_2025_05_02_1_JM022,cell10,0,""
session_2025_05_02_1_JM022,cell11,0,""
session_2025_05_02_1_JM022,cell12,1,"stimulusOnsetTime"
session_2025_05_02_1_JM022,cell13,0,""
session_2025_05_02_1_JM022,cell14,0,""
session_2025_05_02_1_JM022,cell15,0,""
session_2025_05_02_1_JM022,cell16,0,""
session_2025_05_02_1_JM022,cell17,0,""
session_2025_05_02_1_JM022,cell18,2,"choiceStartTime,rewardTime"
session_2025_05_02_1_JM022,cell19,0,""
session_2025_05_02_1_JM022,cell20,0,""
session_2025_05_02_1_JM022,cell21,0,""
session_2025_05_02_1_JM022,cell22,1,"choiceStartTime"
session_2025_05_05_1_JM022,cell0,3,"stimulusOnsetTime,choiceStartTime,rewardTime"
session_2025_05_05_1_JM022,cell1,2,"choiceStartTime,rewardTime"
session_2025_05_05_1_JM022,cell2,2,"stimulusOnsetTime,rewardTime"
session_2025_05_07_2_JM022,cell0,3,"stimulusOnsetTime,choiceStartTime,rewardTime"
session_2025_05_07_2_JM022,cell1,0,""
session_2025_05_07_2_JM022,cell2,3,"stimulusOnsetTime,choiceStartTime,rewardTime"
session_2025_05_07_2_JM022,cell3,0,""
session_2025_05_07_2_JM022,cell4,1,"choiceStartTime"
session_2025_05_07_2_JM022,cell5,0,""
session_2025_05_07_2_JM022,cell6,0,""
session_2025_05_07_2_JM022,cell7,1,"choiceStartTime"
session_2025_05_09_1_JM022,cell0,3,"stimulusOnsetTime,choiceStartTime,rewardTime"
session_2025_05_09_1_JM022,cell1,1,"rewardTime"
session_2025_05_09_1_JM022,cell2,1,"choiceStartTime"
session_2025_05_09_1_JM022,cell3,0,""
session_2025_05_09_1_JM022,cell4,0,""
session_2025_05_09_1_JM022,cell5,0,""
session_2025_05_09_1_JM022,cell6,1,"stimulusOnsetTime"
session_2025_05_09_1_JM022,cell7,2,"stimulusOnsetTime,rewardTime"
session_2025_05_09_1_JM022,cell8,2,"choiceStartTime,rewardTime"
session_2025_05_12_1_JM022,cell0,3,"stimulusOnsetTime,choiceStartTime,rewardTime"
session_2025_05_12_1_JM022,cell1,0,""
session_2025_05_12_1_JM022,cell2,0,""
session_2025_05_12_1_JM022,cell3,2,"choiceStartTime,rewardTime"
session_2025_05_12_1_JM022,cell4,0,""
session_2025_05_12_1_JM022,cell5,0,""
session_2025_05_13_1_JM022,cell0,3,"stimulusOnsetTime,choiceStartTime,rewardTime"
session_2025_05_13_1_JM022,cell1,0,""
session_2025_05_13_1_JM022,cell2,0,""
session_2025_05_13_1_JM022,cell3,0,""
session_2025_05_13_1_JM022,cell4,0,""
session_2025_05_13_1_JM022,cell5,0,""
session_2025_05_14_2_JM022,cell0,3,"stimulusOnsetTime,choiceStartTime,rewardTime"
session_2025_05_14_2_JM022,cell1,1,"choiceStartTime"
session_2025_05_14_2_JM022,cell2,1,"rewardTime"
session_2025_05_14_2_JM022,cell3,1,"stimulusOnsetTime"
session_2025_05_14_2_JM022,cell4,1,"choiceStartTime"
session_2025_05_15_1_JM022,cell0,3,"stimulusOnsetTime,choiceStartTime,rewardTime"
session_2025_05_15_1_JM022,cell1,2,"stimulusOnsetTime,rewardTime"
session_2025_05_15_1_JM022,cell2,0,""
session_2025_05_15_1_JM022,cell3,0,""
session_2025_05_15_1_JM022,cell4,1,"rewardTime"
session_2025_05_16_1_JM022,cell0,3,"stimulusOnsetTime,choiceStartTime,rewardTime"
session_2025_05_16_1_JM022,cell1,1,"choiceStartTime"
session_2025_04_30_2_JM025,cell0,3,"stimulusOnsetTime,choiceStartTime,rewardTime"
session_2025_04_30_2_JM025,cell1,2,"choiceStartTime,rewardTime"
session_2025_04_30_2_JM025,cell2,0,""
session_2025_04_30_2_JM025,cell3,2,"stimulusOnsetTime,rewardTime"
session_2025_04_30_2_JM025,cell4,1,"rewardTime"
session_2025_04_30_2_JM025,cell5,1,"rewardTime"
session_2025_04_30_2_JM025,cell6,1,"rewardTime"
session_2025_04_30_2_JM025,cell7,0,""
session_2025_04_30_2_JM025,cell8,0,""
session_2025_04_30_2_JM025,cell9,1,"stimulusOnsetTime"
session_2025_04_30_2_JM025,cell10,1,"rewardTime"
session_2025_04_30_2_JM025,cell11,1,"rewardTime"
session_2025_04_30_2_JM025,cell12,0,""
session_2025_04_30_2_JM025,cell13,1,"rewardTime"
session_2025_04_30_2_JM025,cell14,0,""
session_2025_04_30_2_JM025,cell15,1,"rewardTime"
session_2025_04_30_2_JM025,cell16,1,"stimulusOnsetTime"
session_2025_04_30_2_JM025,cell17,0,""
session_2025_04_30_2_JM025,cell18,2,"stimulusOnsetTime,choiceStartTime"
session_2025_04_30_2_JM025,cell19,1,"choiceStartTime"
session_2025_04_30_2_JM025,cell20,2,"stimulusOnsetTime,choiceStartTime"
session_2025_04_30_2_JM025,cell21,2,"stimulusOnsetTime,rewardTime"
session_2025_04_30_2_JM025,cell22,0,""
session_2025_04_30_2_JM025,cell23,1,"choiceStartTime"
session_2025_04_30_2_JM025,cell24,1,"stimulusOnsetTime"
session_2025_05_01_1_JM025,cell0,3,"stimulusOnsetTime,choiceStartTime,rewardTime"
session_2025_05_01_1_JM025,cell1,2,"stimulusOnsetTime,choiceStartTime"
session_2025_05_01_1_JM025,cell2,2,"stimulusOnsetTime,choiceStartTime"
session_2025_05_01_1_JM025,cell3,1,"choiceStartTime"
session_2025_05_01_1_JM025,cell4,2,"stimulusOnsetTime,choiceStartTime"
session_2025_05_01_1_JM025,cell5,1,"choiceStartTime"
session_2025_05_01_1_JM025,cell6,1,"choiceStartTime"
session_2025_05_01_1_JM025,cell7,1,"choiceStartTime"
session_2025_05_01_1_JM025,cell8,1,"choiceStartTime"
session_2025_05_01_1_JM025,cell9,2,"stimulusOnsetTime,choiceStartTime"
session_2025_05_01_1_JM025,cell10,1,"choiceStartTime"
session_2025_05_01_1_JM025,cell11,2,"stimulusOnsetTime,choiceStartTime"
session_2025_05_01_1_JM025,cell12,0,""
session_2025_05_01_1_JM025,cell13,1,"choiceStartTime"
session_2025_05_01_1_JM025,cell14,1,"choiceStartTime"
session_2025_05_01_1_JM025,cell15,2,"stimulusOnsetTime,choiceStartTime"
session_2025_05_01_1_JM025,cell16,1,"stimulusOnsetTime"
session_2025_05_01_1_JM025,cell17,1,"stimulusOnsetTime"
session_2025_05_01_1_JM025,cell18,0,""
session_2025_05_01_1_JM025,cell19,0,""
session_2025_05_01_1_JM025,cell20,0,""
session_2025_05_01_1_JM025,cell21,0,""
session_2025_05_01_1_JM025,cell22,0,""
session_2025_05_01_1_JM025,cell23,0,""
session_2025_05_01_1_JM025,cell24,0,""
session_2025_05_01_1_JM025,cell25,0,""
session_2025_05_01_1_JM025,cell26,1,"stimulusOnsetTime"
session_2025_05_01_1_JM025,cell27,0,""
session_2025_05_09_1_JM025,cell0,3,"stimulusOnsetTime,choiceStartTime,rewardTime"
session_2025_05_09_1_JM025,cell1,0,""
session_2025_05_09_1_JM025,cell2,0,""
session_2025_05_09_1_JM025,cell3,0,""
session_2025_05_09_1_JM025,cell4,0,""
session_2025_05_09_1_JM025,cell5,2,"stimulusOnsetTime,choiceStartTime"
session_2025_05_09_1_JM025,cell6,2,"stimulusOnsetTime,choiceStartTime"
session_2025_05_09_1_JM025,cell7,1,"stimulusOnsetTime"
session_2025_05_09_1_JM025,cell8,1,"stimulusOnsetTime"
session_2025_05_09_1_JM025,cell9,0,""
session_2025_05_09_1_JM025,cell10,1,"stimulusOnsetTime"
session_2025_05_09_1_JM025,cell11,2,"stimulusOnsetTime,choiceStartTime"
session_2025_05_09_1_JM025,cell12,0,""
session_2025_05_09_1_JM025,cell13,2,"stimulusOnsetTime,choiceStartTime"
session_2025_05_09_1_JM025,cell14,3,"stimulusOnsetTime,choiceStartTime,rewardTime"
session_2025_05_09_1_JM025,cell15,0,""
session_2025_05_09_1_JM025,cell16,1,"stimulusOnsetTime"
session_2025_05_09_1_JM025,cell17,1,"stimulusOnsetTime"
session_2025_05_09_1_JM025,cell18,0,""
session_2025_05_09_1_JM025,cell19,1,"stimulusOnsetTime"
session_2025_05_09_1_JM025,cell20,1,"stimulusOnsetTime"
session_2025_05_09_1_JM025,cell21,3,"stimulusOnsetTime,choiceStartTime,rewardTime"
session_2025_05_09_1_JM025,cell22,0,""
session_2025_05_09_1_JM025,cell23,3,"stimulusOnsetTime,choiceStartTime,rewardTime"
session_2025_05_09_1_JM025,cell24,3,"stimulusOnsetTime,choiceStartTime,rewardTime"
session_2025_05_09_1_JM025,cell25,3,"stimulusOnsetTime,choiceStartTime,rewardTime"
session_2025_05_09_1_JM025,cell26,1,"stimulusOnsetTime"
session_2025_05_09_1_JM025,cell27,2,"stimulusOnsetTime,choiceStartTime"
session_2025_05_13_1_JM025,cell0,3,"stimulusOnsetTime,choiceStartTime,rewardTime"
session_2025_05_13_1_JM025,cell1,0,""
session_2025_05_13_1_JM025,cell2,0,""
session_2025_05_13_1_JM025,cell3,2,"stimulusOnsetTime,choiceStartTime"
session_2025_05_13_1_JM025,cell4,0,""
session_2025_05_13_1_JM025,cell5,3,"stimulusOnsetTime,choiceStartTime,rewardTime"
session_2025_05_13_1_JM025,cell6,0,""
session_2025_05_13_1_JM025,cell7,0,""
session_2025_05_13_1_JM025,cell8,0,""
session_2025_05_13_1_JM025,cell9,1,"stimulusOnsetTime"
session_2025_05_13_1_JM025,cell10,2,"stimulusOnsetTime,choiceStartTime"
session_2025_05_13_1_JM025,cell11,0,""
session_2025_05_13_1_JM025,cell12,0,""
session_2025_05_13_1_JM025,cell13,1,"stimulusOnsetTime"
session_2025_05_13_1_JM025,cell14,0,""
session_2025_05_13_1_JM025,cell15,1,"stimulusOnsetTime"
session_2025_05_13_1_JM025,cell16,0,""
session_2025_05_13_1_JM025,cell17,0,""
session_2025_05_13_1_JM025,cell18,1,"stimulusOnsetTime"
session_2025_05_13_1_JM025,cell19,2,"stimulusOnsetTime,choiceStartTime"
session_2025_05_13_1_JM025,cell20,1,"stimulusOnsetTime"
session_2025_05_13_1_JM025,cell21,1,"stimulusOnsetTime"
session_2025_05_15_1_JM025,cell0,3,"stimulusOnsetTime,choiceStartTime,rewardTime"
session_2025_05_15_1_JM025,cell1,1,"rewardTime"
session_2025_05_15_1_JM025,cell2,1,"rewardTime"
session_2025_05_15_1_JM025,cell3,2,"stimulusOnsetTime,rewardTime"
session_2025_05_15_1_JM025,cell4,0,""
session_2025_05_15_1_JM025,cell5,1,"stimulusOnsetTime"
session_2025_05_15_1_JM025,cell6,0,""
session_2025_05_15_1_JM025,cell7,2,"stimulusOnsetTime,rewardTime"
session_2025_05_15_1_JM025,cell8,0,""
session_2025_05_15_1_JM025,cell9,1,"rewardTime"
session_2025_05_15_1_JM025,cell10,1,"stimulusOnsetTime"
session_2025_05_15_1_JM025,cell11,1,"rewardTime"
session_2025_05_15_1_JM025,cell12,2,"stimulusOnsetTime,rewardTime"
session_2025_05_15_1_JM025,cell13,1,"stimulusOnsetTime"
session_2025_05_15_1_JM025,cell14,1,"rewardTime"
session_2025_05_15_1_JM025,cell15,2,"stimulusOnsetTime,choiceStartTime"
session_2025_05_15_1_JM025,cell16,2,"stimulusOnsetTime,choiceStartTime"
session_2025_05_15_1_JM025,cell17,2,"stimulusOnsetTime,rewardTime"
session_2025_05_15_1_JM025,cell18,1,"rewardTime"
session_2025_05_15_1_JM025,cell19,2,"stimulusOnsetTime,choiceStartTime"
session_2025_05_15_1_JM025,cell20,2,"stimulusOnsetTime,choiceStartTime"
session_2025_05_15_1_JM025,cell21,2,"stimulusOnsetTime,rewardTime"
session_2025_05_15_1_JM025,cell22,2,"stimulusOnsetTime,rewardTime"
session_2025_05_15_1_JM025,cell23,2,"stimulusOnsetTime,choiceStartTime"
session_2025_05_15_1_JM025,cell24,1,"rewardTime"
session_2025_05_15_1_JM025,cell25,1,"rewardTime"
session_2025_05_15_1_JM025,cell26,1,"rewardTime"
session_2025_05_15_1_JM025,cell27,2,"stimulusOnsetTime,rewardTime"
session_2025_05_15_1_JM025,cell28,2,"stimulusOnsetTime,rewardTime"
session_2025_05_16_2_JM025,cell0,3,"stimulusOnsetTime,choiceStartTime,rewardTime"
session_2025_05_16_2_JM025,cell1,0,""
session_2025_05_16_2_JM025,cell2,0,""
session_2025_05_16_2_JM025,cell3,2,"choiceStartTime,rewardTime"
session_2025_05_16_2_JM025,cell4,0,""
session_2025_05_16_2_JM025,cell5,0,""
session_2025_05_16_2_JM025,cell6,3,"stimulusOnsetTime,choiceStartTime,rewardTime"
session_2025_05_16_2_JM025,cell7,0,""
session_2025_05_16_2_JM025,cell8,0,""
session_2025_05_16_2_JM025,cell9,0,""
session_2025_05_16_2_JM025,cell10,1,"rewardTime"
session_2025_05_16_2_JM025,cell11,2,"choiceStartTime,rewardTime"
session_2025_05_16_2_JM025,cell12,0,""
session_2025_05_16_2_JM025,cell13,1,"rewardTime"
session_2025_05_16_2_JM025,cell14,0,""
session_2025_05_16_2_JM025,cell15,2,"choiceStartTime,rewardTime"
session_2025_05_16_2_JM025,cell16,2,"stimulusOnsetTime,choiceStartTime"
session_2025_05_16_2_JM025,cell17,3,"stimulusOnsetTime,choiceStartTime,rewardTime"
session_2025_05_16_2_JM025,cell18,2,"choiceStartTime,rewardTime"
session_2025_05_16_2_JM025,cell19,3,"stimulusOnsetTime,choiceStartTime,rewardTime"
session_2025_05_16_2_JM025,cell20,0,""
session_2025_05_16_2_JM025,cell21,2,"stimulusOnsetTime,choiceStartTime"
session_2025_05_16_2_JM025,cell22,2,"stimulusOnsetTime,choiceStartTime"
session_2025_05_16_2_JM025,cell23,1,"choiceStartTime"
session_2025_05_16_2_JM025,cell24,2,"choiceStartTime,rewardTime"
session_2025_05_16_2_JM025,cell25,1,"choiceStartTime"
session_2025_05_16_2_JM025,cell26,0,""
session_2025_05_17_1_JM025,cell0,3,"stimulusOnsetTime,choiceStartTime,rewardTime"
session_2025_05_17_1_JM025,cell1,1,"rewardTime"
session_2025_05_17_1_JM025,cell2,0,""
session_2025_05_17_1_JM025,cell3,1,"stimulusOnsetTime"
session_2025_05_17_1_JM025,cell4,0,""
session_2025_05_17_1_JM025,cell5,2,"stimulusOnsetTime,choiceStartTime"
session_2025_05_17_1_JM025,cell6,1,"rewardTime"
session_2025_05_17_1_JM025,cell7,2,"stimulusOnsetTime,choiceStartTime"
session_2025_05_17_1_JM025,cell8,1,"stimulusOnsetTime"
session_2025_05_17_1_JM025,cell9,1,"rewardTime"
session_2025_05_17_1_JM025,cell10,2,"stimulusOnsetTime,choiceStartTime"
session_2025_05_17_1_JM025,cell11,3,"stimulusOnsetTime,choiceStartTime,rewardTime"
session_2025_05_17_1_JM025,cell12,1,"rewardTime"
session_2025_05_17_1_JM025,cell13,0,""
session_2025_05_17_1_JM025,cell14,2,"stimulusOnsetTime,choiceStartTime"
session_2025_05_17_1_JM025,cell15,1,"stimulusOnsetTime"
session_2025_05_17_1_JM025,cell16,2,"stimulusOnsetTime,rewardTime"
session_2025_05_17_1_JM025,cell17,2,"stimulusOnsetTime,choiceStartTime"
session_2025_05_17_1_JM025,cell18,2,"stimulusOnsetTime,rewardTime"
session_2025_05_17_1_JM025,cell19,2,"stimulusOnsetTime,rewardTime"
session_2025_05_17_1_JM025,cell20,0,""
session_2025_05_17_1_JM025,cell21,2,"stimulusOnsetTime,rewardTime"
session_2025_05_17_1_JM025,cell22,2,"stimulusOnsetTime,rewardTime"
session_2025_05_19_2_JM025,cell0,3,"stimulusOnsetTime,choiceStartTime,rewardTime"
session_2025_05_19_2_JM025,cell1,1,"stimulusOnsetTime"
session_2025_05_19_2_JM025,cell2,3,"stimulusOnsetTime,choiceStartTime,rewardTime"
session_2025_05_19_2_JM025,cell3,1,"stimulusOnsetTime"
session_2025_05_19_2_JM025,cell4,0,""
session_2025_05_19_2_JM025,cell5,2,"stimulusOnsetTime,choiceStartTime"
session_2025_05_19_2_JM025,cell6,1,"stimulusOnsetTime"
session_2025_05_19_2_JM025,cell7,1,"stimulusOnsetTime"
session_2025_05_19_2_JM025,cell8,2,"stimulusOnsetTime,choiceStartTime"
session_2025_05_19_2_JM025,cell9,1,"stimulusOnsetTime"
session_2025_05_19_2_JM025,cell10,0,""
session_2025_05_19_2_JM025,cell11,0,""
session_2025_05_19_2_JM025,cell12,1,"rewardTime"
session_2025_05_19_2_JM025,cell13,3,"stimulusOnsetTime,choiceStartTime,rewardTime"
session_2025_05_19_2_JM025,cell14,2,"stimulusOnsetTime,choiceStartTime"
session_2025_05_19_2_JM025,cell15,1,"stimulusOnsetTime"
session_2025_05_19_2_JM025,cell16,2,"stimulusOnsetTime,choiceStartTime"
session_2025_05_20_1_JM025,cell0,3,"stimulusOnsetTime,choiceStartTime,rewardTime"
session_2025_05_20_1_JM025,cell1,1,"rewardTime"
session_2025_05_20_1_JM025,cell2,1,"stimulusOnsetTime"
session_2025_05_20_1_JM025,cell3,1,"stimulusOnsetTime"
session_2025_05_20_1_JM025,cell4,0,""
session_2025_05_20_1_JM025,cell5,0,""
session_2025_05_20_1_JM025,cell6,2,"choiceStartTime,rewardTime"
session_2025_05_20_1_JM025,cell7,1,"rewardTime"
session_2025_05_20_1_JM025,cell8,0,""
session_2025_05_20_1_JM025,cell9,1,"stimulusOnsetTime"
session_2025_05_20_1_JM025,cell10,1,"stimulusOnsetTime"
session_2025_05_20_1_JM025,cell11,2,"stimulusOnsetTime,choiceStartTime"
session_2025_05_20_1_JM025,cell12,1,"stimulusOnsetTime"
session_2025_05_20_1_JM025,cell13,1,"stimulusOnsetTime"
session_2025_05_20_1_JM025,cell14,1,"stimulusOnsetTime"
session_2025_05_30_1_JM025,cell0,3,"stimulusOnsetTime,choiceStartTime,rewardTime"
session_2025_05_30_1_JM025,cell1,1,"rewardTime"
session_2025_05_30_1_JM025,cell2,3,"stimulusOnsetTime,choiceStartTime,rewardTime"
session_2025_05_30_1_JM025,cell3,2,"stimulusOnsetTime,choiceStartTime"
session_2025_05_30_1_JM025,cell4,1,"stimulusOnsetTime"
session_2025_05_30_1_JM025,cell5,2,"stimulusOnsetTime,choiceStartTime"
session_2025_05_30_1_JM025,cell6,0,""
session_2025_05_30_1_JM025,cell7,0,""
session_2025_05_30_1_JM025,cell8,0,""
session_2025_05_30_1_JM025,cell9,1,"stimulusOnsetTime"
session_2025_05_30_1_JM025,cell10,1,"rewardTime"
session_2025_05_30_1_JM025,cell11,0,""
session_2025_05_30_1_JM025,cell12,0,""
session_2025_05_30_1_JM025,cell13,0,""
session_2025_05_30_1_JM025,cell14,3,"stimulusOnsetTime,choiceStartTime,rewardTime"
session_2025_05_30_1_JM025,cell15,0,""
session_2025_05_30_1_JM025,cell16,3,"stimulusOnsetTime,choiceStartTime,rewardTime"
session_2025_05_30_1_JM025,cell17,2,"stimulusOnsetTime,rewardTime"
session_2025_05_30_1_JM025,cell18,3,"stimulusOnsetTime,choiceStartTime,rewardTime"
session_2025_05_30_1_JM025,cell19,3,"stimulusOnsetTime,choiceStartTime,rewardTime"
session_2025_05_30_1_JM025,cell20,1,"rewardTime"
session_2025_05_30_1_JM025,cell21,0,""
session_2025_05_30_1_JM025,cell22,2,"choiceStartTime,rewardTime"
session_2025_05_30_1_JM025,cell23,3,"stimulusOnsetTime,choiceStartTime,rewardTime"
session_2025_06_09_3_JM025,cell0,3,"stimulusOnsetTime,choiceStartTime,rewardTime"
session_2025_06_09_3_JM025,cell1,2,"choiceStartTime,rewardTime"
session_2025_06_09_3_JM025,cell2,1,"choiceStartTime"
session_2025_06_09_3_JM025,cell3,3,"stimulusOnsetTime,choiceStartTime,rewardTime"
session_2025_06_09_3_JM025,cell4,2,"choiceStartTime,rewardTime"
session_2025_06_09_3_JM025,cell5,2,"choiceStartTime,rewardTime"
session_2025_06_09_3_JM025,cell6,1,"stimulusOnsetTime"
session_2025_06_09_3_JM025,cell7,2,"choiceStartTime,rewardTime"
session_2025_06_09_3_JM025,cell8,0,""
session_2025_06_09_3_JM025,cell9,1,"stimulusOnsetTime"
session_2025_06_09_3_JM025,cell10,0,""
session_2025_06_09_3_JM025,cell11,0,""
session_2025_06_09_3_JM025,cell12,0,""
session_2025_06_09_3_JM025,cell13,1,"stimulusOnsetTime"
session_2025_06_09_3_JM025,cell14,1,"stimulusOnsetTime"
session_2025_06_09_3_JM025,cell15,0,""
session_2025_06_09_3_JM025,cell16,1,"stimulusOnsetTime"
session_2025_06_09_3_JM025,cell17,2,"stimulusOnsetTime,rewardTime"
session_2025_06_09_3_JM025,cell18,2,"stimulusOnsetTime,rewardTime"
session_2025_06_09_3_JM025,cell19,1,"stimulusOnsetTime"
session_2025_06_09_3_JM025,cell20,1,"stimulusOnsetTime"
session_2025_06_09_3_JM025,cell21,2,"stimulusOnsetTime,rewardTime"
session_2025_06_09_3_JM025,cell22,2,"stimulusOnsetTime,rewardTime"
session_2025_06_09_3_JM025,cell23,1,"stimulusOnsetTime"
session_2025_06_09_3_JM025,cell24,2,"stimulusOnsetTime,rewardTime"
session_2025_06_09_3_JM025,cell25,1,"stimulusOnsetTime"
session_2025_06_09_3_JM025,cell26,2,"stimulusOnsetTime,rewardTime"
session_2025_06_10_1_JM025,cell0,3,"stimulusOnsetTime,choiceStartTime,rewardTime"
session_2025_06_10_1_JM025,cell1,1,"stimulusOnsetTime"
session_2025_06_10_1_JM025,cell2,1,"stimulusOnsetTime"
session_2025_06_10_1_JM025,cell3,3,"stimulusOnsetTime,choiceStartTime,rewardTime"
session_2025_06_10_1_JM025,cell4,1,"rewardTime"
session_2025_06_10_1_JM025,cell5,1,"rewardTime"
session_2025_06_10_1_JM025,cell6,1,"stimulusOnsetTime"
session_2025_06_10_1_JM025,cell7,0,""
session_2025_06_10_1_JM025,cell8,0,""
session_2025_06_10_1_JM025,cell9,3,"stimulusOnsetTime,choiceStartTime,rewardTime"
session_2025_06_10_1_JM025,cell10,2,"stimulusOnsetTime,choiceStartTime"
session_2025_06_10_1_JM025,cell11,3,"stimulusOnsetTime,choiceStartTime,rewardTime"
session_2025_06_10_1_JM025,cell12,2,"stimulusOnsetTime,choiceStartTime"
session_2025_06_10_1_JM025,cell13,2,"stimulusOnsetTime,choiceStartTime"
session_2025_06_10_1_JM025,cell14,2,"stimulusOnsetTime,choiceStartTime"
session_2025_06_10_1_JM025,cell15,2,"stimulusOnsetTime,choiceStartTime"
session_2025_06_10_1_JM025,cell16,2,"stimulusOnsetTime,choiceStartTime"
session_2025_06_10_1_JM025,cell17,2,"stimulusOnsetTime,choiceStartTime"
session_2025_06_10_1_JM025,cell18,1,"stimulusOnsetTime"
session_2025_06_10_1_JM025,cell19,0,""
session_2025_06_10_1_JM025,cell20,1,"stimulusOnsetTime"
session_2025_06_10_1_JM025,cell21,2,"stimulusOnsetTime,choiceStartTime"
session_2025_06_11_1_JM025,cell0,3,"stimulusOnsetTime,choiceStartTime,rewardTime"
session_2025_06_11_1_JM025,cell1,1,"stimulusOnsetTime"
session_2025_06_11_1_JM025,cell2,2,"choiceStartTime,rewardTime"
session_2025_06_11_1_JM025,cell3,2,"choiceStartTime,rewardTime"
session_2025_06_11_1_JM025,cell4,2,"choiceStartTime,rewardTime"
session_2025_06_11_1_JM025,cell5,3,"stimulusOnsetTime,choiceStartTime,rewardTime"
session_2025_06_11_1_JM025,cell6,2,"stimulusOnsetTime,rewardTime"
session_2025_06_11_1_JM025,cell7,2,"choiceStartTime,rewardTime"
session_2025_06_11_1_JM025,cell8,3,"stimulusOnsetTime,choiceStartTime,rewardTime"
session_2025_06_11_1_JM025,cell9,1,"rewardTime"
session_2025_06_11_1_JM025,cell10,1,"stimulusOnsetTime"
session_2025_06_11_1_JM025,cell11,0,""
session_2025_06_11_1_JM025,cell12,1,"stimulusOnsetTime"
session_2025_06_11_1_JM025,cell13,1,"stimulusOnsetTime"
session_2025_06_11_1_JM025,cell14,3,"stimulusOnsetTime,choiceStartTime,rewardTime"
session_2025_06_11_1_JM025,cell15,1,"stimulusOnsetTime"
session_2025_06_11_1_JM025,cell16,2,"stimulusOnsetTime,rewardTime"
session_2025_06_11_1_JM025,cell17,2,"stimulusOnsetTime,rewardTime"
session_2025_06_11_1_JM025,cell18,2,"stimulusOnsetTime,choiceStartTime"
session_2025_06_11_1_JM025,cell19,2,"stimulusOnsetTime,rewardTime"
session_2025_06_11_1_JM025,cell20,1,"stimulusOnsetTime"
session_2025_06_11_1_JM025,cell21,2,"stimulusOnsetTime,rewardTime"
session_2025_06_11_1_JM025,cell22,1,"stimulusOnsetTime"
session_2025_04_22_1_JM026,cell0,3,"stimulusOnsetTime,choiceStartTime,rewardTime"
session_2025_04_22_1_JM026,cell1,0,""
session_2025_04_22_1_JM026,cell2,0,""
session_2025_04_22_1_JM026,cell3,0,""
session_2025_04_22_1_JM026,cell4,0,""
session_2025_04_22_1_JM026,cell5,0,""
session_2025_04_22_1_JM026,cell6,0,""
session_2025_04_22_1_JM026,cell7,0,""
session_2025_04_22_1_JM026,cell8,2,"choiceStartTime,rewardTime"
session_2025_04_22_1_JM026,cell9,1,"choiceStartTime"
session_2025_04_22_1_JM026,cell10,0,""
session_2025_04_28_1_JM026,cell0,3,"stimulusOnsetTime,choiceStartTime,rewardTime"
session_2025_04_28_1_JM026,cell1,1,"stimulusOnsetTime"
session_2025_04_28_1_JM026,cell2,0,""
session_2025_04_28_1_JM026,cell3,1,"stimulusOnsetTime"
session_2025_04_28_1_JM026,cell4,2,"stimulusOnsetTime,choiceStartTime"
session_2025_04_28_1_JM026,cell5,1,"stimulusOnsetTime"
session_2025_04_28_1_JM026,cell6,3,"stimulusOnsetTime,choiceStartTime,rewardTime"
session_2025_04_28_1_JM026,cell7,2,"choiceStartTime,rewardTime"
session_2025_04_28_1_JM026,cell8,3,"stimulusOnsetTime,choiceStartTime,rewardTime"
session_2025_04_28_1_JM026,cell9,1,"stimulusOnsetTime"
session_2025_04_28_1_JM026,cell10,2,"choiceStartTime,rewardTime"
session_2025_04_28_1_JM026,cell11,3,"stimulusOnsetTime,choiceStartTime,rewardTime"
session_2025_04_28_1_JM026,cell12,3,"stimulusOnsetTime,choiceStartTime,rewardTime"
session_2025_04_28_1_JM026,cell13,0,""
session_2025_04_28_1_JM026,cell14,2,"stimulusOnsetTime,choiceStartTime"
session_2025_04_28_1_JM026,cell15,2,"stimulusOnsetTime,rewardTime"
session_2025_04_28_1_JM026,cell16,3,"stimulusOnsetTime,choiceStartTime,rewardTime"
session_2025_04_28_1_JM026,cell17,2,"stimulusOnsetTime,choiceStartTime"
session_2025_04_28_1_JM026,cell18,1,"rewardTime"
session_2025_04_28_1_JM026,cell19,0,""
session_2025_04_28_1_JM026,cell20,1,"stimulusOnsetTime"
session_2025_04_28_1_JM026,cell21,3,"stimulusOnsetTime,choiceStartTime,rewardTime"
session_2025_04_28_1_JM026,cell22,2,"stimulusOnsetTime,choiceStartTime"
session_2025_04_28_1_JM026,cell23,1,"stimulusOnsetTime"
session_2025_04_28_1_JM026,cell24,3,"stimulusOnsetTime,choiceStartTime,rewardTime"
session_2025_04_28_1_JM026,cell25,3,"stimulusOnsetTime,choiceStartTime,rewardTime"
session_2025_04_28_1_JM026,cell26,1,"stimulusOnsetTime"
session_2025_04_28_1_JM026,cell27,1,"stimulusOnsetTime"
session_2025_04_28_1_JM026,cell28,1,"stimulusOnsetTime"
session_2025_04_28_1_JM026,cell29,2,"stimulusOnsetTime,choiceStartTime"
session_2025_04_28_1_JM026,cell30,1,"stimulusOnsetTime"
session_2025_04_28_1_JM026,cell31,0,""
session_2025_04_28_1_JM026,cell32,2,"stimulusOnsetTime,choiceStartTime"
session_2025_04_28_1_JM026,cell33,1,"rewardTime"
session_2025_04_28_1_JM026,cell34,0,""
session_2025_04_28_1_JM026,cell35,0,""
session_2025_04_28_1_JM026,cell36,0,""
session_2025_05_01_1_JM026,cell0,3,"stimulusOnsetTime,choiceStartTime,rewardTime"
session_2025_05_01_1_JM026,cell1,1,"stimulusOnsetTime"
session_2025_05_01_1_JM026,cell2,3,"stimulusOnsetTime,choiceStartTime,rewardTime"
session_2025_05_01_1_JM026,cell3,3,"stimulusOnsetTime,choiceStartTime,rewardTime"
session_2025_05_01_1_JM026,cell4,3,"stimulusOnsetTime,choiceStartTime,rewardTime"
session_2025_05_01_1_JM026,cell5,1,"rewardTime"
session_2025_05_01_1_JM026,cell6,3,"stimulusOnsetTime,choiceStartTime,rewardTime"
session_2025_05_01_1_JM026,cell7,2,"choiceStartTime,rewardTime"
session_2025_05_01_1_JM026,cell8,0,""
session_2025_05_01_1_JM026,cell9,2,"choiceStartTime,rewardTime"
session_2025_05_01_1_JM026,cell10,1,"choiceStartTime"
session_2025_05_01_1_JM026,cell11,0,""
session_2025_05_01_1_JM026,cell12,0,""
session_2025_05_01_1_JM026,cell13,3,"stimulusOnsetTime,choiceStartTime,rewardTime"
session_2025_05_01_1_JM026,cell14,2,"choiceStartTime,rewardTime"
session_2025_05_01_1_JM026,cell15,3,"stimulusOnsetTime,choiceStartTime,rewardTime"
session_2025_05_01_1_JM026,cell16,3,"stimulusOnsetTime,choiceStartTime,rewardTime"
session_2025_05_01_1_JM026,cell17,2,"choiceStartTime,rewardTime"
session_2025_05_01_1_JM026,cell18,3,"stimulusOnsetTime,choiceStartTime,rewardTime"
session_2025_05_01_1_JM026,cell19,3,"stimulusOnsetTime,choiceStartTime,rewardTime"
session_2025_05_01_1_JM026,cell20,1,"stimulusOnsetTime"
session_2025_05_01_1_JM026,cell21,2,"choiceStartTime,rewardTime"
session_2025_05_01_1_JM026,cell22,1,"rewardTime"
session_2025_05_01_1_JM026,cell23,1,"choiceStartTime"
session_2025_05_01_1_JM026,cell24,2,"choiceStartTime,rewardTime"
session_2025_05_01_1_JM026,cell25,0,""
session_2025_05_01_1_JM026,cell26,1,"rewardTime"
session_2025_05_05_1_JM026,cell0,3,"stimulusOnsetTime,choiceStartTime,rewardTime"
session_2025_05_05_1_JM026,cell1,0,""
session_2025_05_05_1_JM026,cell2,2,"choiceStartTime,rewardTime"
session_2025_05_05_1_JM026,cell3,2,"stimulusOnsetTime,choiceStartTime"
session_2025_05_05_1_JM026,cell4,3,"stimulusOnsetTime,choiceStartTime,rewardTime"
session_2025_05_05_1_JM026,cell5,2,"choiceStartTime,rewardTime"
session_2025_05_05_1_JM026,cell6,2,"choiceStartTime,rewardTime"
session_2025_05_05_1_JM026,cell7,2,"choiceStartTime,rewardTime"
session_2025_05_05_1_JM026,cell8,2,"choiceStartTime,rewardTime"
session_2025_05_05_1_JM026,cell9,2,"choiceStartTime,rewardTime"
session_2025_05_05_1_JM026,cell10,2,"choiceStartTime,rewardTime"
session_2025_05_05_1_JM026,cell11,0,""
session_2025_05_05_1_JM026,cell12,2,"choiceStartTime,rewardTime"
session_2025_05_05_1_JM026,cell13,2,"choiceStartTime,rewardTime"
session_2025_05_05_1_JM026,cell14,2,"choiceStartTime,rewardTime"
session_2025_05_05_1_JM026,cell15,0,""
session_2025_05_05_1_JM026,cell16,1,"rewardTime"
session_2025_05_05_1_JM026,cell17,2,"choiceStartTime,rewardTime"
session_2025_05_05_1_JM026,cell18,2,"choiceStartTime,rewardTime"
session_2025_05_05_1_JM026,cell19,0,""
session_2025_05_05_1_JM026,cell20,2,"choiceStartTime,rewardTime"
session_2025_05_05_1_JM026,cell21,2,"choiceStartTime,rewardTime"
session_2025_05_05_1_JM026,cell22,2,"choiceStartTime,rewardTime"
session_2025_05_05_1_JM026,cell23,2,"choiceStartTime,rewardTime"
session_2025_05_05_1_JM026,cell24,2,"choiceStartTime,rewardTime"
session_2025_05_05_1_JM026,cell25,2,"choiceStartTime,rewardTime"
session_2025_05_05_1_JM026,cell26,2,"choiceStartTime,rewardTime"
session_2025_05_05_1_JM026,cell27,2,"choiceStartTime,rewardTime"
session_2025_05_05_1_JM026,cell28,2,"choiceStartTime,rewardTime"
session_2025_05_05_1_JM026,cell29,2,"choiceStartTime,rewardTime"
session_2025_05_05_1_JM026,cell30,2,"choiceStartTime,rewardTime"
session_2025_05_05_1_JM026,cell31,2,"choiceStartTime,rewardTime"
session_2025_05_05_1_JM026,cell32,2,"choiceStartTime,rewardTime"
session_2025_05_05_1_JM026,cell33,2,"choiceStartTime,rewardTime"
session_2025_05_05_1_JM026,cell34,3,"stimulusOnsetTime,choiceStartTime,rewardTime"
session_2025_05_05_1_JM026,cell35,3,"stimulusOnsetTime,choiceStartTime,rewardTime"
session_2025_05_05_1_JM026,cell36,0,""
session_2025_05_06_1_JM026,cell0,3,"stimulusOnsetTime,choiceStartTime,rewardTime"
session_2025_05_06_1_JM026,cell1,1,"stimulusOnsetTime"
session_2025_05_06_1_JM026,cell2,3,"stimulusOnsetTime,choiceStartTime,rewardTime"
session_2025_05_06_1_JM026,cell3,3,"stimulusOnsetTime,choiceStartTime,rewardTime"
session_2025_05_06_1_JM026,cell4,2,"choiceStartTime,rewardTime"
session_2025_05_06_1_JM026,cell5,1,"stimulusOnsetTime"
session_2025_05_06_1_JM026,cell6,1,"stimulusOnsetTime"
session_2025_05_06_1_JM026,cell7,2,"stimulusOnsetTime,choiceStartTime"
session_2025_05_06_1_JM026,cell8,1,"stimulusOnsetTime"
session_2025_05_06_1_JM026,cell9,2,"stimulusOnsetTime,choiceStartTime"
session_2025_05_06_1_JM026,cell10,1,"stimulusOnsetTime"
session_2025_05_06_1_JM026,cell11,0,""
session_2025_05_06_1_JM026,cell12,1,"stimulusOnsetTime"
session_2025_05_06_1_JM026,cell13,2,"stimulusOnsetTime,choiceStartTime"
session_2025_05_06_1_JM026,cell14,1,"stimulusOnsetTime"
session_2025_05_06_1_JM026,cell15,2,"stimulusOnsetTime,choiceStartTime"
session_2025_05_06_1_JM026,cell16,2,"stimulusOnsetTime,choiceStartTime"
session_2025_05_06_1_JM026,cell17,1,"stimulusOnsetTime"
session_2025_05_06_1_JM026,cell18,1,"choiceStartTime"
session_2025_05_06_1_JM026,cell19,1,"stimulusOnsetTime"
session_2025_05_06_1_JM026,cell20,2,"stimulusOnsetTime,choiceStartTime"
session_2025_05_06_1_JM026,cell21,1,"stimulusOnsetTime"
session_2025_05_06_1_JM026,cell22,1,"stimulusOnsetTime"
session_2025_05_06_1_JM026,cell23,1,"rewardTime"
session_2025_05_06_1_JM026,cell24,3,"stimulusOnsetTime,choiceStartTime,rewardTime"
session_2025_05_06_1_JM026,cell25,1,"stimulusOnsetTime"
session_2025_05_06_1_JM026,cell26,0,""
session_2025_05_06_1_JM026,cell27,1,"stimulusOnsetTime"
session_2025_05_06_1_JM026,cell28,0,""
session_2025_05_07_1_JM026,cell0,3,"stimulusOnsetTime,choiceStartTime,rewardTime"
session_2025_05_07_1_JM026,cell1,0,""
session_2025_05_07_1_JM026,cell2,0,""
session_2025_05_07_1_JM026,cell3,1,"stimulusOnsetTime"
session_2025_05_07_1_JM026,cell4,0,""
session_2025_05_07_1_JM026,cell5,1,"choiceStartTime"
session_2025_05_07_1_JM026,cell6,1,"choiceStartTime"
session_2025_05_07_1_JM026,cell7,0,""
session_2025_05_07_1_JM026,cell8,1,"choiceStartTime"
session_2025_05_07_1_JM026,cell9,0,""
session_2025_05_07_1_JM026,cell10,1,"stimulusOnsetTime"
session_2025_05_07_1_JM026,cell11,1,"stimulusOnsetTime"
session_2025_05_07_1_JM026,cell12,0,""
session_2025_05_07_1_JM026,cell13,0,""
session_2025_05_07_1_JM026,cell14,1,"stimulusOnsetTime"
session_2025_05_07_1_JM026,cell15,0,""
session_2025_05_07_1_JM026,cell16,0,""
session_2025_05_07_1_JM026,cell17,0,""
session_2025_05_07_1_JM026,cell18,0,""
session_2025_05_07_1_JM026,cell19,0,""
session_2025_05_07_1_JM026,cell20,2,"stimulusOnsetTime,choiceStartTime"
session_2025_05_07_1_JM026,cell21,1,"stimulusOnsetTime"
session_2025_05_07_1_JM026,cell22,1,"choiceStartTime"
session_2025_05_08_1_JM026,cell0,3,"stimulusOnsetTime,choiceStartTime,rewardTime"
session_2025_05_08_1_JM026,cell1,1,"rewardTime"
session_2025_05_08_1_JM026,cell2,0,""
session_2025_05_08_1_JM026,cell3,0,""
session_2025_05_08_1_JM026,cell4,0,""
session_2025_05_08_1_JM026,cell5,0,""
session_2025_05_08_1_JM026,cell6,0,""
session_2025_05_08_1_JM026,cell7,0,""
session_2025_05_08_1_JM026,cell8,0,""
session_2025_05_08_1_JM026,cell9,0,""
session_2025_05_08_1_JM026,cell10,1,"rewardTime"
session_2025_05_08_1_JM026,cell11,0,""
session_2025_05_08_1_JM026,cell12,0,""
session_2025_05_08_1_JM026,cell13,0,""
session_2025_05_08_1_JM026,cell14,1,"choiceStartTime"
session_2025_05_08_1_JM026,cell15,0,""
session_2025_05_08_1_JM026,cell16,2,"choiceStartTime,rewardTime"
session_2025_05_08_1_JM026,cell17,0,""
session_2025_05_08_1_JM026,cell18,1,"rewardTime"
session_2025_05_08_1_JM026,cell19,0,""
session_2025_05_08_1_JM026,cell20,0,""
session_2025_05_08_1_JM026,cell21,0,""
session_2025_05_08_1_JM026,cell22,0,""
session_2025_05_08_1_JM026,cell23,0,""
session_2025_05_12_1_JM026,cell0,3,"stimulusOnsetTime,choiceStartTime,rewardTime"
session_2025_05_12_1_JM026,cell1,2,"choiceStartTime,rewardTime"
session_2025_05_12_1_JM026,cell2,1,"choiceStartTime"
session_2025_05_12_1_JM026,cell3,0,""
session_2025_05_12_1_JM026,cell4,1,"stimulusOnsetTime"
session_2025_05_12_1_JM026,cell5,1,"rewardTime"
session_2025_05_12_1_JM026,cell6,2,"stimulusOnsetTime,choiceStartTime"
session_2025_05_12_1_JM026,cell7,1,"stimulusOnsetTime"
session_2025_05_12_1_JM026,cell8,2,"stimulusOnsetTime,choiceStartTime"
session_2025_05_12_1_JM026,cell9,1,"stimulusOnsetTime"
session_2025_05_12_1_JM026,cell10,1,"stimulusOnsetTime"
session_2025_05_12_1_JM026,cell11,1,"stimulusOnsetTime"
session_2025_05_12_1_JM026,cell12,2,"stimulusOnsetTime,choiceStartTime"
session_2025_05_12_1_JM026,cell13,2,"stimulusOnsetTime,rewardTime"
session_2025_05_12_1_JM026,cell14,2,"stimulusOnsetTime,rewardTime"
session_2025_05_12_1_JM026,cell15,1,"stimulusOnsetTime"
session_2025_05_12_1_JM026,cell16,0,""
session_2025_05_12_1_JM026,cell17,3,"stimulusOnsetTime,choiceStartTime,rewardTime"
session_2025_05_12_1_JM026,cell18,1,"stimulusOnsetTime"
session_2025_05_12_1_JM026,cell19,0,""
session_2025_05_12_1_JM026,cell20,1,"stimulusOnsetTime"
session_2025_05_12_1_JM026,cell21,0,""
session_2025_05_12_1_JM026,cell22,3,"stimulusOnsetTime,choiceStartTime,rewardTime"
session_2025_05_12_1_JM026,cell23,1,"stimulusOnsetTime"
session_2025_05_12_1_JM026,cell24,1,"stimulusOnsetTime"
session_2025_05_12_1_JM026,cell25,3,"stimulusOnsetTime,choiceStartTime,rewardTime"
session_2025_05_12_1_JM026,cell26,0,""
session_2025_05_12_1_JM026,cell27,1,"rewardTime"
session_2025_05_12_1_JM026,cell28,1,"stimulusOnsetTime"
session_2025_05_12_1_JM026,cell29,2,"stimulusOnsetTime,rewardTime"
session_2025_05_12_1_JM026,cell30,3,"stimulusOnsetTime,choiceStartTime,rewardTime"
session_2025_05_12_1_JM026,cell31,1,"rewardTime"
session_2025_05_12_1_JM026,cell32,1,"stimulusOnsetTime"
session_2025_05_12_1_JM026,cell33,1,"stimulusOnsetTime"
session_2025_05_12_1_JM026,cell34,1,"stimulusOnsetTime"
session_2025_05_15_1_JM026,cell0,3,"stimulusOnsetTime,choiceStartTime,rewardTime"
session_2025_05_15_1_JM026,cell1,1,"choiceStartTime"
session_2025_05_15_1_JM026,cell2,3,"stimulusOnsetTime,choiceStartTime,rewardTime"
session_2025_05_15_1_JM026,cell3,1,"rewardTime"
session_2025_05_15_1_JM026,cell4,2,"choiceStartTime,rewardTime"
session_2025_05_15_1_JM026,cell5,2,"stimulusOnsetTime,rewardTime"
session_2025_05_15_1_JM026,cell6,1,"rewardTime"
session_2025_05_15_1_JM026,cell7,1,"rewardTime"
session_2025_05_15_1_JM026,cell8,2,"stimulusOnsetTime,rewardTime"
session_2025_05_15_1_JM026,cell9,0,""
session_2025_05_15_1_JM026,cell10,3,"stimulusOnsetTime,choiceStartTime,rewardTime"
session_2025_05_15_1_JM026,cell11,1,"rewardTime"
session_2025_05_15_1_JM026,cell12,1,"rewardTime"
session_2025_05_15_1_JM026,cell13,2,"choiceStartTime,rewardTime"
session_2025_05_15_1_JM026,cell14,3,"stimulusOnsetTime,choiceStartTime,rewardTime"
session_2025_05_15_1_JM026,cell15,2,"choiceStartTime,rewardTime"
session_2025_05_15_1_JM026,cell16,2,"stimulusOnsetTime,rewardTime"
session_2025_05_15_1_JM026,cell17,1,"rewardTime"
session_2025_05_15_1_JM026,cell18,2,"stimulusOnsetTime,choiceStartTime"
session_2025_05_15_1_JM026,cell19,1,"stimulusOnsetTime"
session_2025_05_15_1_JM026,cell20,2,"choiceStartTime,rewardTime"
session_2025_05_15_1_JM026,cell21,1,"rewardTime"
session_2025_05_15_1_JM026,cell22,2,"choiceStartTime,rewardTime"
session_2025_05_15_1_JM026,cell23,2,"choiceStartTime,rewardTime"
session_2025_05_15_1_JM026,cell24,0,""
session_2025_05_15_1_JM026,cell25,1,"rewardTime"
session_2025_05_15_1_JM026,cell26,2,"choiceStartTime,rewardTime"
session_2025_05_15_1_JM026,cell27,3,"stimulusOnsetTime,choiceStartTime,rewardTime"
session_2025_05_15_1_JM026,cell28,0,""
session_2025_05_15_1_JM026,cell29,1,"rewardTime"
session_2025_05_15_1_JM026,cell30,1,"rewardTime"
session_2025_05_15_1_JM026,cell31,0,""
session_2025_05_15_1_JM026,cell32,1,"rewardTime"
session_2025_05_15_1_JM026,cell33,0,""
session_2025_05_16_1_JM026,cell0,3,"stimulusOnsetTime,choiceStartTime,rewardTime"
session_2025_05_16_1_JM026,cell1,0,""
session_2025_05_16_1_JM026,cell2,3,"stimulusOnsetTime,choiceStartTime,rewardTime"
session_2025_05_16_1_JM026,cell3,2,"choiceStartTime,rewardTime"
session_2025_05_16_1_JM026,cell4,1,"rewardTime"
session_2025_05_16_1_JM026,cell5,1,"rewardTime"
session_2025_05_16_1_JM026,cell6,2,"choiceStartTime,rewardTime"
session_2025_05_16_1_JM026,cell7,0,""
session_2025_05_16_1_JM026,cell8,1,"choiceStartTime"
session_2025_05_16_1_JM026,cell9,2,"stimulusOnsetTime,rewardTime"
session_2025_05_16_1_JM026,cell10,2,"choiceStartTime,rewardTime"
session_2025_05_16_1_JM026,cell11,2,"choiceStartTime,rewardTime"
session_2025_05_16_1_JM026,cell12,3,"stimulusOnsetTime,choiceStartTime,rewardTime"
session_2025_05_16_1_JM026,cell13,3,"stimulusOnsetTime,choiceStartTime,rewardTime"
session_2025_05_16_1_JM026,cell14,3,"stimulusOnsetTime,choiceStartTime,rewardTime"
session_2025_05_16_1_JM026,cell15,2,"choiceStartTime,rewardTime"
session_2025_05_16_1_JM026,cell16,2,"choiceStartTime,rewardTime"
session_2025_05_16_1_JM026,cell17,1,"rewardTime"
session_2025_05_16_1_JM026,cell18,2,"choiceStartTime,rewardTime"
session_2025_05_16_1_JM026,cell19,0,""
session_2025_05_16_1_JM026,cell20,3,"stimulusOnsetTime,choiceStartTime,rewardTime"
session_2025_05_16_1_JM026,cell21,0,""
session_2025_05_16_1_JM026,cell22,2,"stimulusOnsetTime,choiceStartTime"
session_2025_05_16_1_JM026,cell23,3,"stimulusOnsetTime,choiceStartTime,rewardTime"
session_2025_05_16_1_JM026,cell24,3,"stimulusOnsetTime,choiceStartTime,rewardTime"
session_2025_05_16_1_JM026,cell25,2,"stimulusOnsetTime,rewardTime"
session_2025_05_17_1_JM026,cell0,3,"stimulusOnsetTime,choiceStartTime,rewardTime"
session_2025_05_17_1_JM026,cell1,3,"stimulusOnsetTime,choiceStartTime,rewardTime"
session_2025_05_17_1_JM026,cell2,0,""
session_2025_05_17_1_JM026,cell3,0,""
session_2025_05_17_1_JM026,cell4,1,"stimulusOnsetTime"
session_2025_05_17_1_JM026,cell5,3,"stimulusOnsetTime,choiceStartTime,rewardTime"
session_2025_05_17_1_JM026,cell6,1,"stimulusOnsetTime"
session_2025_05_17_1_JM026,cell7,0,""
session_2025_05_17_1_JM026,cell8,1,"rewardTime"
session_2025_05_17_1_JM026,cell9,0,""
session_2025_05_17_1_JM026,cell10,1,"stimulusOnsetTime"
session_2025_05_17_1_JM026,cell11,0,""
session_2025_05_17_1_JM026,cell12,0,""
session_2025_05_17_1_JM026,cell13,1,"stimulusOnsetTime"
session_2025_05_17_1_JM026,cell14,3,"stimulusOnsetTime,choiceStartTime,rewardTime"
session_2025_05_17_1_JM026,cell15,0,""
session_2025_05_17_1_JM026,cell16,1,"stimulusOnsetTime"
session_2025_05_17_1_JM026,cell17,2,"choiceStartTime,rewardTime"
session_2025_05_17_1_JM026,cell18,2,"stimulusOnsetTime,choiceStartTime"
session_2025_05_17_1_JM026,cell19,0,""
session_2025_05_17_1_JM026,cell20,0,""
session_2025_05_17_1_JM026,cell21,0,""
session_2025_05_17_1_JM026,cell22,2,"stimulusOnsetTime,rewardTime"
session_2025_05_17_1_JM026,cell23,0,""
session_2025_05_17_1_JM026,cell24,1,"stimulusOnsetTime"
session_2025_05_17_1_JM026,cell25,0,""
session_2025_05_17_1_JM026,cell26,2,"choiceStartTime,rewardTime"
session_2025_05_17_1_JM026,cell27,2,"choiceStartTime,rewardTime"
session_2025_05_17_1_JM026,cell28,3,"stimulusOnsetTime,choiceStartTime,rewardTime"
session_2025_05_17_1_JM026,cell29,0,""
session_2025_05_20_1_JM026,cell0,3,"stimulusOnsetTime,choiceStartTime,rewardTime"
session_2025_05_20_1_JM026,cell1,3,"stimulusOnsetTime,choiceStartTime,rewardTime"
session_2025_05_20_1_JM026,cell2,3,"stimulusOnsetTime,choiceStartTime,rewardTime"
session_2025_05_20_1_JM026,cell3,2,"choiceStartTime,rewardTime"
session_2025_05_20_1_JM026,cell4,1,"stimulusOnsetTime"
session_2025_05_20_1_JM026,cell5,0,""
session_2025_05_20_1_JM026,cell6,0,""
session_2025_05_20_1_JM026,cell7,0,""
session_2025_05_20_1_JM026,cell8,1,"choiceStartTime"
session_2025_05_20_1_JM026,cell9,0,""
session_2025_05_20_1_JM026,cell10,1,"stimulusOnsetTime"
session_2025_05_20_1_JM026,cell11,2,"choiceStartTime,rewardTime"
session_2025_05_20_1_JM026,cell12,0,""
session_2025_05_20_1_JM026,cell13,1,"stimulusOnsetTime"
session_2025_05_20_1_JM026,cell14,1,"rewardTime"
session_2025_05_20_1_JM026,cell15,2,"choiceStartTime,rewardTime"
session_2025_05_20_1_JM026,cell16,3,"stimulusOnsetTime,choiceStartTime,rewardTime"
session_2025_05_20_1_JM026,cell17,0,""
session_2025_05_20_1_JM026,cell18,0,""
session_2025_05_20_1_JM026,cell19,0,""
session_2025_05_20_1_JM026,cell20,0,""
session_2025_05_23_1_JM026,cell0,3,"stimulusOnsetTime,choiceStartTime,rewardTime"
session_2025_05_23_1_JM026,cell1,1,"choiceStartTime"
session_2025_05_23_1_JM026,cell2,1,"choiceStartTime"
session_2025_05_23_1_JM026,cell3,0,""
session_2025_05_23_1_JM026,cell4,1,"stimulusOnsetTime"
session_2025_05_23_1_JM026,cell5,1,"stimulusOnsetTime"
session_2025_05_23_1_JM026,cell6,1,"stimulusOnsetTime"
session_2025_05_23_1_JM026,cell7,1,"stimulusOnsetTime"
session_2025_05_23_1_JM026,cell8,0,""
session_2025_05_23_1_JM026,cell9,0,""
session_2025_05_23_1_JM026,cell10,1,"stimulusOnsetTime"
session_2025_05_23_1_JM026,cell11,1,"stimulusOnsetTime"
session_2025_05_23_1_JM026,cell12,2,"stimulusOnsetTime,rewardTime"
session_2025_05_23_1_JM026,cell13,1,"stimulusOnsetTime"
session_2025_05_23_1_JM026,cell14,0,""
session_2025_05_23_1_JM026,cell15,0,""
session_2025_05_23_1_JM026,cell16,0,""
session_2025_05_23_1_JM026,cell17,1,"choiceStartTime"
session_2025_05_23_1_JM026,cell18,0,""
session_2025_05_23_1_JM026,cell19,2,"stimulusOnsetTime,rewardTime"
session_2025_05_23_1_JM026,cell20,0,""
session_2025_05_29_1_JM026,cell0,3,"stimulusOnsetTime,choiceStartTime,rewardTime"
session_2025_05_29_1_JM026,cell1,2,"stimulusOnsetTime,choiceStartTime"
session_2025_05_29_1_JM026,cell2,2,"stimulusOnsetTime,choiceStartTime"
session_2025_05_29_1_JM026,cell3,3,"stimulusOnsetTime,choiceStartTime,rewardTime"
session_2025_05_29_1_JM026,cell4,3,"stimulusOnsetTime,choiceStartTime,rewardTime"
session_2025_05_29_1_JM026,cell5,0,""
session_2025_05_29_1_JM026,cell6,2,"stimulusOnsetTime,choiceStartTime"
session_2025_05_29_1_JM026,cell7,2,"choiceStartTime,rewardTime"
session_2025_05_29_1_JM026,cell8,0,""
session_2025_05_29_1_JM026,cell9,0,""
session_2025_05_29_1_JM026,cell10,0,""
session_2025_05_29_1_JM026,cell11,1,"stimulusOnsetTime"
session_2025_05_29_1_JM026,cell12,0,""
session_2025_05_29_1_JM026,cell13,3,"stimulusOnsetTime,choiceStartTime,rewardTime"
session_2025_05_29_1_JM026,cell14,2,"stimulusOnsetTime,choiceStartTime"
session_2025_05_29_1_JM026,cell15,2,"stimulusOnsetTime,choiceStartTime"
session_2025_05_29_1_JM026,cell16,2,"stimulusOnsetTime,choiceStartTime"
session_2025_05_29_1_JM026,cell17,0,""
session_2025_05_29_1_JM026,cell18,3,"stimulusOnsetTime,choiceStartTime,rewardTime"
session_2025_05_29_1_JM026,cell19,3,"stimulusOnsetTime,choiceStartTime,rewardTime"
session_2025_05_29_1_JM026,cell20,3,"stimulusOnsetTime,choiceStartTime,rewardTime"
session_2025_05_29_1_JM026,cell21,2,"choiceStartTime,rewardTime"
session_2025_05_29_1_JM026,cell22,2,"choiceStartTime,rewardTime"
session_2025_05_29_1_JM026,cell23,2,"stimulusOnsetTime,choiceStartTime"
session_2025_05_29_1_JM026,cell24,1,"stimulusOnsetTime"
session_2025_05_29_1_JM026,cell25,3,"stimulusOnsetTime,choiceStartTime,rewardTime"
session_2025_05_29_1_JM026,cell26,2,"stimulusOnsetTime,rewardTime"
session_2025_05_29_1_JM026,cell27,0,""
session_2025_05_29_1_JM026,cell28,0,""
session_2025_05_29_1_JM026,cell29,3,"stimulusOnsetTime,choiceStartTime,rewardTime"
session_2025_05_29_1_JM026,cell30,0,""
session_2025_05_29_1_JM026,cell31,1,"choiceStartTime"
session_2025_05_29_1_JM026,cell32,2,"stimulusOnsetTime,choiceStartTime"
session_2025_05_29_1_JM026,cell33,3,"stimulusOnsetTime,choiceStartTime,rewardTime"
session_2025_05_29_1_JM026,cell34,3,"stimulusOnsetTime,choiceStartTime,rewardTime"
session_2025_06_09_1_JM026,cell0,3,"stimulusOnsetTime,choiceStartTime,rewardTime"
session_2025_06_09_1_JM026,cell1,2,"stimulusOnsetTime,choiceStartTime"
session_2025_06_09_1_JM026,cell2,3,"stimulusOnsetTime,choiceStartTime,rewardTime"
session_2025_06_09_1_JM026,cell3,1,"stimulusOnsetTime"
session_2025_06_09_1_JM026,cell4,3,"stimulusOnsetTime,choiceStartTime,rewardTime"
session_2025_06_09_1_JM026,cell5,3,"stimulusOnsetTime,choiceStartTime,rewardTime"
session_2025_06_09_1_JM026,cell6,0,""
session_2025_06_09_1_JM026,cell7,1,"rewardTime"
session_2025_06_09_1_JM026,cell8,0,""
session_2025_06_09_1_JM026,cell9,2,"stimulusOnsetTime,choiceStartTime"
session_2025_06_09_1_JM026,cell10,0,""
session_2025_06_09_1_JM026,cell11,2,"choiceStartTime,rewardTime"
session_2025_06_09_1_JM026,cell12,2,"stimulusOnsetTime,choiceStartTime"
session_2025_06_09_1_JM026,cell13,1,"stimulusOnsetTime"
session_2025_06_09_1_JM026,cell14,2,"stimulusOnsetTime,choiceStartTime"
session_2025_06_09_1_JM026,cell15,1,"rewardTime"
session_2025_06_09_1_JM026,cell16,1,"rewardTime"
session_2025_06_09_1_JM026,cell17,1,"choiceStartTime"
session_2025_06_09_1_JM026,cell18,2,"stimulusOnsetTime,choiceStartTime"
session_2025_06_09_1_JM026,cell19,2,"stimulusOnsetTime,choiceStartTime"
session_2025_06_09_1_JM026,cell20,1,"choiceStartTime"
session_2025_06_09_1_JM026,cell21,1,"stimulusOnsetTime"
session_2025_06_09_1_JM026,cell22,3,"stimulusOnsetTime,choiceStartTime,rewardTime"
session_2025_06_09_1_JM026,cell23,0,""
session_2025_06_09_1_JM026,cell24,1,"rewardTime"
session_2025_06_09_1_JM026,cell25,3,"stimulusOnsetTime,choiceStartTime,rewardTime"
session_2025_06_10_1_JM026,cell0,3,"stimulusOnsetTime,choiceStartTime,rewardTime"
session_2025_06_10_1_JM026,cell1,0,""
session_2025_06_10_1_JM026,cell2,3,"stimulusOnsetTime,choiceStartTime,rewardTime"
session_2025_06_10_1_JM026,cell3,3,"stimulusOnsetTime,choiceStartTime,rewardTime"
session_2025_06_10_1_JM026,cell4,2,"choiceStartTime,rewardTime"
session_2025_06_10_1_JM026,cell5,0,""
session_2025_06_10_1_JM026,cell6,0,""
session_2025_06_10_1_JM026,cell7,1,"stimulusOnsetTime"
session_2025_06_10_1_JM026,cell8,2,"stimulusOnsetTime,choiceStartTime"
session_2025_06_10_1_JM026,cell9,2,"stimulusOnsetTime,choiceStartTime"
session_2025_06_10_1_JM026,cell10,0,""
session_2025_06_10_1_JM026,cell11,0,""
session_2025_06_10_1_JM026,cell12,0,""
session_2025_06_10_1_JM026,cell13,2,"stimulusOnsetTime,choiceStartTime"
session_2025_06_10_1_JM026,cell14,0,""
session_2025_06_10_1_JM026,cell15,2,"stimulusOnsetTime,rewardTime"
session_2025_06_10_1_JM026,cell16,0,""
session_2025_06_10_1_JM026,cell17,2,"stimulusOnsetTime,choiceStartTime"
session_2025_06_10_1_JM026,cell18,3,"stimulusOnsetTime,choiceStartTime,rewardTime"
session_2025_06_10_1_JM026,cell19,0,""
session_2025_06_10_1_JM026,cell20,2,"stimulusOnsetTime,choiceStartTime"
session_2025_06_10_1_JM026,cell21,3,"stimulusOnsetTime,choiceStartTime,rewardTime"
session_2025_06_10_1_JM026,cell22,0,""
session_2025_06_10_1_JM026,cell23,3,"stimulusOnsetTime,choiceStartTime,rewardTime"
session_2025_06_10_1_JM026,cell24,0,""
session_2025_06_10_1_JM026,cell25,2,"stimulusOnsetTime,choiceStartTime"
session_2025_06_10_1_JM026,cell26,3,"stimulusOnsetTime,choiceStartTime,rewardTime"
session_2025_06_10_1_JM026,cell27,3,"stimulusOnsetTime,choiceStartTime,rewardTime"
session_2025_06_11_1_JM026,cell0,3,"stimulusOnsetTime,choiceStartTime,rewardTime"
session_2025_06_11_1_JM026,cell1,0,""
session_2025_06_11_1_JM026,cell2,0,""
session_2025_06_11_1_JM026,cell3,0,""
session_2025_06_11_1_JM026,cell4,1,"rewardTime"
session_2025_06_11_1_JM026,cell5,0,""
session_2025_06_11_1_JM026,cell6,0,""
session_2025_06_11_1_JM026,cell7,0,""
session_2025_06_11_1_JM026,cell8,0,""
session_2025_06_11_1_JM026,cell9,0,""
session_2025_06_11_1_JM026,cell10,0,""
session_2025_06_11_1_JM026,cell11,0,""
session_2025_06_11_1_JM026,cell12,0,""
session_2025_06_11_1_JM026,cell13,2,"choiceStartTime,rewardTime"
session_2025_06_11_1_JM026,cell14,0,""
session_2025_06_11_1_JM026,cell15,0,""
session_2025_06_11_1_JM026,cell16,2,"choiceStartTime,rewardTime"
session_2025_06_11_1_JM026,cell17,0,""
